Time,V1,V2,V3,V4,V5,V6,V7,V8,V9,V10,V11,V12,V13,V14,V15,V16,V17,V18,V19,V20,V21,V22,V23,V24,V25,V26,V27,V28,Amount,Class
60,1.069141385,0.043785925,0.309867291,1.316693993,-0.462393624,-0.857887604,0.207903691,-0.191269942,0.056397899,0.041567455,-0.507358125,-0.10866622,-0.473257348,0.45204589,1.00567481,0.185441398,-0.439975752,0.012539148,-0.498587992,-0.001998251,0.11577545,0.164781092,-0.177564055,0.39189057,0.624681738,-0.288376428,-0.001311834,0.035811519,89.4,0
61,0.7706071500797885,0.37345658164661183,0.2739848867897833,0.32265216249585077,0.3473881135238238,0.043386275203423225,0.06249307814236568,0.1055905758137202,-0.2055637962727602,-0.15779973020532168,0.3826532381434238,0.32184194068091154,0.05872470104463279,0.06455576014051145,0.9576312663496466,0.32859259591210854,-0.22332702989356745,-0.156960125301844,0.20192457949518838,-0.05960489679143326,-0.1892321088711636,-0.541966506176334,0.1200172678817901,-0.725599450197817,-0.41901815244044005,0.10687951279792582,0.0816930718927518,0.09587597385836652,2.0496653365384843,1
133,0.709335678,-0.011679155,-0.530212955,0.236330632,1.611749862,4.091915383,-0.862138243,1.083973069,0.786795681,0.112887484,-0.653232103,0.173266864,0.037866802,-0.38781279,0.37489296,0.210211547,-0.644749399,0.554854578,0.622384226,-0.04155149,0.006775256,0.09003256,0.271773416,0.986547281,-0.809943468,-0.52965954,-0.065886904,-0.125002177,35.97,0
463,-0.386725975,0.17256499,0.732582645,-1.434662211,0.033065294,-1.043657481,0.720715055,-0.15076312,0.422941845,-1.225085106,-0.090249874,-0.09656136,-0.819230093,0.671445513,2.131868092,-1.488628528,0.658885093,-0.348634435,1.58260075,0.175250526,0.143196437,0.402445558,-0.020878812,0.121543225,-0.194311335,0.114302135,0.114047724,0.135686593,55.0,0
204,0.860652097,-0.247375224,0.754082235,1.185491707,-0.486174312,0.241012929,-0.197775505,0.136015068,-0.13892014,0.069816154,1.630627532,1.422599056,0.929052854,0.190489661,0.688744903,0.33600991,-0.633726755,0.158199078,-0.740965871,0.176969316,0.285398313,0.612468202,-0.175761317,0.047502654,0.378591616,-0.305091515,0.037625667,0.043643522,137.3,0
117,-1.010266597,-0.540014019,2.518624344,-2.270148851,-0.15736243,0.168700264,0.538239087,-0.37931912,-0.166360693,-0.226265168,-1.508661547,-0.471080666,0.939453138,-1.842080673,-1.799797423,1.333032557,-0.495358915,-1.463652046,-0.249813792,0.132299491,-0.103949956,0.153838761,-0.235265746,-0.424549401,0.679215833,-0.49709419,-0.364735609,-0.417094391,82.29,0
509,-2.3182362040218276,-1.3731420728793082,1.143262091365406,0.6516286613387423,1.1157049389761082,-0.6351648657800664,0.2941760908047818,0.04805039098412206,-0.10731404365335909,-0.4094042591356142,0.4058588700177932,0.39479238593952726,0.5401349143654759,-0.8430368559730284,0.5119715942788488,0.26025941471380676,0.007329446409175322,0.4676977625431331,0.04771463438612694,0.9354982882212237,0.1941284438696757,0.08670132865131491,0.46564062592019584,-0.26249647579583113,-0.06193313276674178,0.06900413228569546,-0.30410530012684944,-0.19730074593824098,235.53412500116917,1
219,0.2288340564144251,0.32613378048366065,0.8817936919574897,0.3275544107417985,0.4717521539255992,-0.4542440991301447,0.3563035373219322,-0.024691064418559797,-0.203953083875033,-0.352225281924333,0.662894138279882,0.3874276139924824,-0.41150071449999764,0.006905223228773044,0.21857947544764617,-0.04125939823249636,-0.07148766749399646,-0.45538190054787697,-0.6224080058985547,-0.09143326005625109,-0.09307055217764529,-0.22072294137916287,-0.06190963777447597,-0.01039757413873893,0.26890223046793027,-0.13746634776361477,-0.05234975689779844,-0.04909574671597703,1.9222871269497217,1
449,-0.856525101,0.583290076,1.389013774,-0.344699052,0.267594321,-0.951375413,0.523116935,-0.049229333,-0.076944017,-0.405757624,-0.161189306,-0.225299018,-0.912194069,0.300952261,0.654658694,0.107401491,-0.281286183,-0.889231512,-1.184941297,-0.330847383,-0.056911357,-0.309940139,0.167010356,0.359246439,-0.969651014,-0.185793258,-0.136897052,0.233671762,10.2,0
167,-0.25063822080434317,0.9601461883604128,-0.564766399753434,1.909449095274069,-0.1796537798988888,-0.6357094367071788,-1.090906791006561,0.6229599170400003,-1.2906148252786798,-1.2394744417063728,2.266982523712729,-0.5670601475712267,0.0427238054325933,-1.8503062386234104,0.5343577811444842,-0.19666098085293682,-1.232568191885427,-0.11480370453103207,0.08587467454439254,0.011599867078457768,0.08009217071443556,-0.390183947056931,-0.13191768520346311,-0.06813168355928007,0.11667964683412702,0.14727838328168483,0.10221816350141422,-0.05031832098158288,1.5826313333782493,1
51,1.259873136,0.254239576,0.514788628,0.620924297,-0.475930099,-0.992285839,0.06641651,-0.209275058,0.035571565,-0.067615821,-0.204107264,0.402596691,0.376647694,0.227135013,1.024996121,0.299531715,-0.426046051,-0.550315066,-0.119898969,-0.088970094,-0.256530536,-0.739211692,0.135732381,0.381989866,0.219301892,0.094290693,-0.028686668,0.019197591,1.98,0
410,-0.4870981887055519,0.3885164004128808,1.4505099084413582,0.28578741984339057,0.6961255152695139,-0.9351945219853142,0.7189761306995799,-0.16593199216474017,-0.10630672108012724,-0.5157562462973966,-0.3964499256282701,-0.29520756761051503,-1.149078687574617,0.09249296000606777,-0.0038740370206420405,-0.4200590063031734,-0.016790296039262007,-0.6838213978584616,-0.9933049733609636,-0.11050056486743864,-0.005147378822591142,0.0563256683913651,-0.17998006731140814,0.37610002605562604,0.3557302431979468,-0.3430389692222572,-0.08806622382473583,-0.0941189648679835,1.3413980455776822,1
515,-1.8408110824407844,0.3912040944273316,0.6886218468793284,0.1728333474252297,0.6635007827844965,-0.4940124062741812,-0.23105622349113553,0.3635759607527447,-0.47437338412868835,-0.5486177680700464,1.4429953946289669,0.3973766533595211,0.24824295054909817,-0.8995971826094524,-0.48751511677056303,-0.25640113889153815,-0.8873784946314613,-0.4446104917430613,-0.041236680544259885,0.02506104560163286,-0.05537310100107429,-0.1640593776918901,-0.2981150191725891,-0.13809371689545064,-0.26739920966031916,0.22918753033996742,-0.23708555160449157,-0.3407417907487216,0.8217906368444492,1
377,-1.9543262678832272,1.7912888901734385,-1.417980923123213,3.6663274507500043,-0.5070659446248666,-1.3907978878647231,-2.2740977949727164,1.2316777120130966,-2.4886320465220133,-2.5224787169700753,2.873381372251254,-2.586395448705226,-0.5143142286062418,-3.8874434947702388,0.4606058081900587,-0.9780377931556271,-2.54673980511622,-0.04476410895270033,0.35539924460566885,0.1061751378391438,0.4364822651982763,-0.11507785798512615,-0.40568435402332403,0.3221274558691037,0.06171863535876501,0.1694985274546574,0.23260046212073943,-0.12580117969478588,0.2698945721640542,1
422,-1.9523952787516232,1.7920054858650423,-1.41665032291373,3.6645508892964984,-0.5056176240528102,-1.3903536039491955,-2.2721302661986513,1.2301885595961495,-2.489422245648232,-2.5216705782868916,2.8742344054926505,-2.577570870398868,-0.5000779614169956,-3.8883890878738714,0.45939063540751074,-0.9779585978610358,-2.5462329403127977,-0.046625689877084514,0.35506706500620433,0.10668214253393532,0.4361845808821406,-0.11423446154923814,-0.4054525540543628,0.32250936370932803,0.06231959105860286,0.16942862193117325,0.23258646716657808,-0.1257154472253459,0.13002503789049358,1
218,-1.045668501,0.485509651,1.569232319,0.160929385,0.862461841,0.523043101,0.765996933,0.092998318,-0.037045458,-0.184662859,1.062635552,0.376407282,-1.423233787,0.075105626,-1.040320461,-0.70883895,-0.034008623,-0.759177728,-0.961683208,-0.377133222,0.01287506,0.359807872,-0.075787858,-0.317591114,-0.073339151,-0.532773143,-0.241139502,-0.124891245,17.56,0
235,-0.663511067,-0.044443226,1.029253315,-2.49807231,-1.350084557,-0.798774292,-0.581071299,0.480997364,-2.517036631,0.961802327,0.656159004,-0.759858385,-0.52260432,0.213254242,-0.782823826,0.110467114,0.192158139,0.695763389,-0.569209445,-0.357884369,-0.051895277,0.070845524,0.039321165,0.275750183,-0.33025134,-0.423935955,0.251988907,0.13395699,25.0,0
35,1.386396974,-0.794209465,0.778224191,-0.864708434,-1.06413228,0.351296174,-1.191454583,0.052685634,-0.304404039,0.576516809,-1.631111762,0.042559512,2.047898316,-0.739338429,1.456222044,-0.272049583,-0.932007398,1.9265322,-0.659939173,-0.273032887,-0.228726646,-0.12352242,-0.131025122,-0.929668179,0.181379006,1.194928064,0.000531332,0.019910623,30.9,0
553,-0.23055924334952094,-0.9417170799612187,1.2936431080958195,0.8959162614261229,0.9302012304501559,-0.3084514472150294,-0.9126505915463359,0.2458489361625502,0.44580508824445775,-0.3054791499728585,-0.053256306636750364,0.5757088862491166,0.3299385861137887,-0.5558162663271737,0.9024959051179929,-0.651777649398791,0.6787587572160108,-1.0442281899312205,-0.3922044499793288,0.24352697703705273,0.037132522096069265,0.10020841767707811,0.2053927359922732,-0.20509911216902177,0.01994064841201068,0.44456150242179293,-0.06897702499136901,-0.06132486209626313,1.3859211107841087,1
181,1.136752053,-0.103769567,0.904686444,0.488210755,-0.678523515,0.039860729,-0.581293921,0.270996198,0.256539561,0.068091693,1.445183659,0.506268152,-0.85021452,0.46422296,0.963247298,0.522011841,-0.463008422,0.029021823,-0.386661217,-0.16608712,-0.017526913,-0.093159166,0.119722965,-0.000588012,0.026252192,0.229223266,0.000201188,0.010944963,6.47,0
391,-0.6385822478904135,0.4423717722918429,1.3684793850622368,0.1631016542943095,0.9249257819291405,-0.567881121535416,0.7105887908736476,-0.07100672176988598,-0.13660611242591197,-0.44986096353440597,-0.8177447679677328,-0.5660343061815966,-1.2506411941581739,0.2519127193323195,0.23011825063698743,-0.43055521352728787,-0.13028938682976632,-0.5888276484803191,-0.6249010573894282,-0.09678879549142683,0.009956867967907346,0.08964944782147832,-0.139752142533954,-0.12026177245825309,-0.12344419498803982,-0.3008704067049238,-0.007270934739920104,-0.022882874888228377,0.9971095247883675,1
305,0.439949564,-0.949842463,-0.112591828,2.572535967,0.149828998,1.54454198,0.213718459,0.278461147,-0.374166691,0.478005585,-0.327963636,0.387190472,-0.172660758,0.092067086,-1.173094203,0.449888675,-0.58039172,0.068516466,-0.300062427,0.594318626,0.136101477,-0.275473458,-0.55479951,-1.278066624,0.554427289,0.133134818,-0.053053239,0.058083682,379.63,0
427,0.8340027879939614,0.4313953069794166,0.35879229611230484,0.4846611679117739,0.06467799001608698,-0.5955550539726642,0.1665644222655654,-0.08514247155468552,-0.0347445644295946,-0.23470527797019747,-0.6236097026363888,-0.13361126186325756,-0.009870124454523566,-0.05404828515472493,1.2274957929998054,0.3420419559404103,-0.1532853444786756,-0.2412185227917979,0.15158427842322095,-0.06309525961796526,-0.230288557195407,-0.6636812622941674,0.13601724858506095,-0.2676732266214123,-0.3550113534459555,0.08760046912455119,0.06867058947219745,0.10222771606231242,1.1826595947215186,1
154,1.315601305,0.413148285,-0.018953104,0.487834384,0.132330692,-0.574306547,0.146563267,-0.215922858,-0.080276175,-0.314456603,-0.623759228,0.557736093,1.498121825,-0.561514237,1.030952567,0.669772501,-0.373964239,-0.164368864,0.109735899,0.018365238,-0.329566651,-0.891188113,0.011352339,-0.477578557,0.365667356,0.143253535,-0.016757043,0.024640155,1.98,0
548,-1.233426042,-0.212440503,1.839631559,-1.802985667,-0.493195104,0.350423887,-0.905316429,0.844863073,-1.52351683,-0.270389879,1.560641788,0.510741914,0.891203952,-0.144349281,0.170163448,1.327734447,0.253640453,-1.205467172,-0.765260691,0.108814667,0.668410378,1.574749988,-0.1764822,-0.221560659,-0.058504336,-0.163971117,0.01467027,-0.03320962,24.99,0
315,0.07657076871621782,0.3761464888137902,1.0790402822542473,0.41758768573067884,0.35067985296597337,-0.9788968040037124,0.5144144931319272,-0.1778730087406357,-0.060533750312821114,-0.44031865263977266,-0.291981597448777,-0.12694020080817728,-0.7089372016863501,-0.029481973425660446,0.3520781408228921,-0.1285151185097828,-0.013391884923762186,-0.5581102629413279,-0.7355021326350133,-0.10055255637640259,-0.09653906183658575,-0.23133362511305,-0.08029896081525295,0.3642335462000025,0.3104990338992975,-0.2013970508263211,-0.06712715185314277,-0.05366876011418226,1.7777700053642702,1
539,-1.2326161633519734,-1.8213532031456998,1.958001381649444,1.0341298172486424,1.7974060817663413,0.20260286855553006,-1.5906108267642387,0.5529740140048782,0.736232851017699,-0.31858611845822943,-0.055372588623494666,0.7626586263466157,0.3172952603792379,-0.7198371778453772,0.7823784327612565,-1.4099686362454713,1.1453295843228484,-1.5368968225066144,-0.5236006225748295,0.4571688352446302,0.25527393358780714,0.7202270705822615,0.2577280185469055,-0.5742198391589526,-0.11551336854520985,0.6803309949264309,-0.10047938912611278,-0.12344945890463371,1.45050473332635,1
446,-0.8104351179440082,0.41614752163950164,1.5896886242307202,0.1747192155380107,0.9495374236830852,-0.7656255058325327,0.8105686230975071,-0.12180958929343405,-0.13987769467083092,-0.5240111323498169,-0.6161770799524475,-0.483414821650059,-1.3947601762570756,0.2139265446675938,-0.07409025149337545,-0.5597212837131622,-0.0644936502946088,-0.7035985833201519,-0.9633156114004706,-0.10954819779517966,0.04343432683958531,0.20346082651778197,-0.20992495173668577,0.17989365462108853,0.18200367896468794,-0.391682331657469,-0.06495606126792025,-0.08395480082207946,0.998825334858196,1
128,0.9863172359245074,0.39592705945450735,0.3364546218439243,0.5616713444771134,-0.09991814240517949,-0.7697578453980511,0.13441956901691066,-0.12500593015062827,-0.0008138316202669152,-0.25078809316017714,-0.4326601055425169,-0.03281171333430108,0.014593546170092009,-0.12673769507953694,1.1858648016686097,0.3954004941586418,-0.09646154145674385,-0.2539251209160058,0.02484880314964677,-0.0716088746213494,-0.25148115282982497,-0.730203391042339,0.13329592528446962,-0.04784150362334083,-0.14895977273997793,0.09031767430074229,0.03464382971157171,0.07619817791994682,2.303503328849022,1
77,-1.165721747,1.485336811,0.156418075,0.92437833,0.131745604,0.996965256,-0.167117113,1.262616793,-0.584844218,-0.553365712,0.138042275,0.690798548,-0.420525662,0.978769726,1.097810371,-1.912551282,1.780960922,-2.120498266,-1.023459729,-0.321114245,0.314751517,1.046647587,0.15640356,-0.628123355,-0.702366656,-0.224025083,0.14542464,0.116397682,11.83,0
476,-0.867554211,-0.418633339,2.294926687,0.219869661,-0.085820323,-0.839204426,-0.724947469,0.221811954,0.423738134,-0.431875703,-0.867638465,-0.486136976,-0.799464938,-0.169084911,0.963012476,0.013252479,0.072862162,0.287711892,0.788588033,0.226694126,0.23130635,0.547469818,-0.001608179,0.461130993,-0.504833532,1.146691714,0.061651021,0.146243502,1.0,0
361,-1.7573246353559155,1.7028319108285803,-1.3123686385986761,3.483814502108613,-0.4987422767869445,-1.3711211711880282,-2.1291734480224562,1.1436190206970374,-2.3337075105528444,-2.3849831164485935,2.692479169428479,-2.4138268078728284,-0.469779645209074,-3.666272156620594,0.499621727706168,-0.8884764903179515,-2.390792204836401,-0.0601442281681944,0.3215162775690763,0.09476159022476772,0.392034401309515,-0.15912851711823417,-0.3729186305621053,0.3231893906600615,0.07118586293672721,0.1649071816703054,0.2168884843447118,-0.11618245696108571,0.4184545906155388,1
459,-2.910233856748955,-2.225964258925194,0.5966037276885563,2.600214519223057,1.0167481476068156,-1.1307587571880477,-0.19629747327178576,0.1982407176795115,-0.7265051193060823,-1.1910662722754324,0.24467400456311805,-0.940032758525196,0.444686866559987,-2.1654611517498545,1.7069917852621856,0.3372966865931879,-0.025474926955387334,1.4077563375154167,0.3076999385015664,1.7422500728555674,0.6353625480784589,0.3497077994361396,1.040348891472653,-0.181880605167958,0.23691048796437864,-0.08644728968106222,-0.15909413377362389,0.0031281011692766217,432.5718282862182,1
407,-2.3038325850541814,1.9242008422811914,-1.5689244546006602,3.9297968931089757,-0.5010756607673368,-1.4099407699525452,-2.496321101197374,1.3733513781203315,-2.72921208476152,-2.7326780699143347,3.170712028698136,-2.8411964150777598,-0.5802032655987246,-4.228898036384449,0.3741041223199921,-1.1250006395678929,-2.7954646401050374,-0.02443960099897624,0.40879719623841515,0.12509704098084587,0.507036639015709,-0.037346502953884225,-0.4622357872639522,0.31203791801506997,0.03896519253606445,0.17875408845396623,0.25227358026738145,-0.1467919251452609,0.014632687758265317,1
344,-0.49020164163115765,0.46501422341457116,1.177483674558642,0.15307086004538703,0.9036756839625075,-0.39714535426415154,0.6242645525036487,-0.02714268690970681,-0.13378137428347245,-0.3858384831439095,-0.991781638813457,-0.6373693336373124,-1.126206484801078,0.2847106099026904,0.4927768955653279,-0.3190310952723615,-0.18709851241094674,-0.48973252782760646,-0.332708342333496,-0.08577211681305413,-0.01894812292255446,-0.008617176209256172,-0.07916378012156483,-0.3794209254485348,-0.3871729340167918,-0.2224618908865589,0.04253535620940874,0.029847634603170387,0.9956280660364275,1
190,-0.913599729,0.162262106,0.541428519,-1.931798725,0.235401734,-0.209262872,0.770523385,-0.407194916,-1.374754194,0.311187601,-1.715580685,-0.153918076,1.92285052,-0.484344945,0.194711382,-0.82572721,-0.902511055,1.21426051,-0.739848412,-0.591835528,-0.382551786,-0.546739015,-0.32002156,-0.92838459,-0.080009248,0.908687227,-0.286880971,0.140450013,99.95,0
108,-0.81716449,0.548007876,1.987429001,2.347620274,0.036887742,1.50952321,0.692961314,0.508962009,-1.254296754,0.174445162,1.104038323,0.309737812,-0.837951587,0.214179328,-0.527740107,-0.422317897,0.395338553,-0.713973036,-0.217067008,0.233864804,-0.047335994,-0.324229307,0.231979505,-0.335247981,0.161931952,0.014694453,-0.028691168,-0.015257,148.43,0
14,1.0928336664460727,0.2913751578611946,0.19175131536023346,0.4186522782984905,0.12756997161161232,-0.05280137736649959,-0.04558844537569976,0.08991799613326723,-0.24370419915554012,-0.1648177163707408,1.3235726700550159,0.8904854498326717,0.3879276451412736,-0.09480051290192447,0.711267999189254,0.4321062542270371,-0.14031507149350148,-0.17715513936329416,-0.06404723216130229,-0.06685508067884435,-0.21718503352628002,-0.6159393539733147,0.10569071467879429,-0.43052562566341146,0.029374759129136507,0.12142466167518091,0.01233219503859472,0.0338005654257451,2.539476201956849,1
563,0.329054715986161,0.26803892135909,0.5797087616510972,0.2730630996635439,0.038436257706884636,-0.8270653144788893,0.1484523033736244,-0.10153368316326114,0.017247184219069286,-0.21794865819006154,0.29442900454869086,0.5504476818739378,0.37426662367153984,-0.26643857248425773,0.5358278641138355,0.30727054671403975,-0.15426248537267304,-0.3822017090745914,-0.1795546532723217,-0.0499902093630825,-0.2535966419018805,-0.6258246586345425,0.006929523302794061,0.16317695664543563,0.048745491380606604,0.13962065783100291,-0.12228011010799243,-0.0975270715480902,1.200118291382103,1
71,1.331897157,-0.579961843,0.422605532,-0.897751526,-0.74625421,-0.056273231,-0.750316963,0.128483934,-0.964681778,0.736391419,1.390981592,-0.008048872,-0.12942182,0.094277151,0.38881918,1.236618791,0.151535043,-1.398990322,0.672575069,0.052489101,-0.039070337,-0.255173945,0.109332683,-0.32844817,0.162253656,-0.447275875,0.020070552,0.006230543,14.48,0
393,-2.595499719,1.311591816,1.323081307,-1.127848902,0.307467369,-0.518201825,-2.098816632,-4.382468958,1.724534556,0.198679922,0.381591794,0.780889732,-0.247810882,0.0469023,2.501394702,-1.432126842,0.732979441,-0.183239271,1.075630877,-1.148674304,3.980383833,-0.835844602,-1.786328942,0.485594402,-0.53515806,-0.684143186,-0.422542032,0.047078038,64.04,0
69,0.29850317,2.142721516,-1.542142972,1.561331906,0.938108025,-2.145672699,1.405568569,-0.778458743,0.328636441,0.127497138,1.612799073,-0.09637703,0.654790271,-4.318377859,1.038603486,0.404686812,2.729168037,1.115863603,-0.703814031,0.676953714,-0.290986927,-0.000234694,0.09217442,0.586205255,-0.397313835,-0.480948881,0.251145,-0.2422786,0.78,0
308,1.103870214,-0.379364955,0.699437059,0.174333313,-0.918020872,-0.41844461,-0.394105947,0.061586476,0.436487428,-0.084439474,1.110035662,0.807998816,-0.417074931,0.142484339,-0.181188757,0.352516919,-0.362178329,0.108860713,0.395958232,0.020978644,0.008219646,-0.016349949,-0.050821198,0.398893636,0.202283177,0.992403516,-0.074168939,0.006682107,60.0,0
427,0.173200432,-1.823346056,0.307208485,1.342690667,-1.358110718,-0.136943694,0.355662815,-0.159310859,0.854919118,-0.581898525,-0.898873063,0.847338394,0.40789131,-0.449137192,-0.873602374,-0.431307453,0.249964709,-0.582009346,0.18821947,0.986324948,0.182255069,-0.32755542,-0.536358775,0.507572679,0.33185285,0.469279934,-0.102721495,0.106900915,539.17,0
493,-1.788883577167303,-2.3123652638255856,2.3145957308613037,1.0941746460171053,2.3027383659001,0.549396435289016,-1.9754854551195544,0.7417160482434029,0.8782957191857634,-0.31791181859438034,0.05372170796527875,0.916495310897782,0.319639956362858,-0.7990058365324835,0.6866920291780523,-1.8282442975310282,1.3956308542284115,-1.7996793148959636,-0.5925698062490536,0.575147161109926,0.3794692651414865,1.073780242946714,0.2848036961355256,-0.8228062467865864,-0.19369432446690327,0.8122740635507484,-0.11695420470919583,-0.15874116798076926,1.5789067297257493,1
187,0.066060772,0.8762634,1.093992968,1.556150516,-0.07231813,-0.671902296,0.569707156,-0.143791231,-0.609469493,0.122388483,-0.477548435,-0.348544455,-0.275911532,0.469809094,1.619878123,-0.637980697,0.179422142,0.263764793,1.332689558,0.126786432,0.159757256,0.497796845,-0.043265755,0.397922925,-0.358151033,-0.186331411,0.135738679,0.098839653,23.32,0
27,-1.452187279,1.765123739,0.611668541,1.176824984,-0.445979892,0.246826452,-0.257566156,1.092472497,-0.607524461,0.047155553,0.783726853,1.096385674,-0.268094206,0.76864804,-0.524367354,-0.808816147,0.710386067,-0.118368787,0.979287836,0.008713334,0.082279817,0.325782191,-0.069107391,0.020961997,-0.044668488,-0.243441392,0.149180325,0.120556908,1.8,0
156,0.2634986171976797,0.5187479526238862,0.4278626745013055,0.20794518705109172,0.6308539260901753,0.0389114730147104,0.26261955486064675,0.08444112886146021,-0.0976069140877141,-0.16513253214754925,-1.3989474889593487,-0.726125191021753,-0.5144206677150142,0.2977325729709493,1.427184055865159,0.16516866408116354,-0.3391284991507648,-0.14254700999513717,0.6207044985834567,-0.049683168885615456,-0.15430280874521163,-0.4544243349164063,0.14732410070030666,-1.0900181320733986,-1.1309506011148953,0.07851481431594418,0.19072239554872994,0.19812183369181294,1.263403297432923,1
476,-0.8065567332910377,1.282548009605132,-0.8014273049599101,2.6030237178199798,-0.45285172313176214,-1.275105524176558,-1.4274517412830467,0.7160113161074788,-1.5956724917785587,-1.7236606107803025,1.8303993075299698,-1.5511297459044469,-0.19710381336706112,-2.611884612144279,0.681235113180829,-0.4595783145810135,-1.6424342360347124,-0.14153039631473913,0.15799027798429588,0.04226723013526651,0.17809782904440502,-0.366389681331104,-0.21515886682185897,0.32986898439639517,0.11900285928761249,0.14264426288101287,0.14164531084669346,-0.06979641774100022,0.5440738310523612,1
167,0.055994402594173875,0.5462200997702159,0.45899116751225444,0.10751104368679687,0.8238899299095525,0.24623305526499617,0.2960554653417717,0.13950786519533728,-0.12163505178244757,-0.14188081258505997,-1.6267298242589505,-0.8888532231902622,-0.6430025556983063,0.4037673175868705,1.4696742652379526,0.10301436828665712,-0.4035268058577305,-0.11736621268045144,0.7684666141248031,-0.04346678663542934,-0.1292488032936771,-0.380098210957881,0.14702359725529318,-1.3530868682666632,-1.3788985363847832,0.07700510147977263,0.22617770537823145,0.22424312426510007,0.9900965868665822,1
288,-0.598819546,0.073253539,-0.113786119,-2.315188965,1.644381842,4.389522162,3.174202838,-1.032389855,0.673033403,0.892547877,0.386672552,-0.9291098,-0.215278529,-1.213701623,0.832917217,0.361298551,-1.778134095,-0.320266873,-0.003901987,-0.104450452,-0.588539279,-0.4964726,-0.276571031,1.069601577,-0.629077672,0.401503224,-1.346577772,-1.228507118,380.95,0
49,1.098608346,0.202423564,0.525455972,1.323436272,-0.130486421,0.039924307,0.028379416,0.072841071,-0.097869352,0.019512995,1.474413321,1.689674218,0.506780523,0.125136665,-0.892709712,-0.621679133,0.044340267,-0.642093954,-0.161986891,-0.128040892,-0.024971678,0.15426426,-0.063146743,0.253205307,0.629405435,-0.345344655,0.040469338,0.01026375,13.18,0
418,-2.453479747999863,0.9651316447486118,-1.0886718791049588,3.6677618931105833,-0.15868119836229333,-1.356678614835763,-1.9844067048423593,1.1097645238754303,-2.287381445698677,-2.3987810632698046,2.503485784026128,-2.4369722901453397,-0.34958869070731,-3.78760018930498,0.7008712854094235,-0.7916236331544776,-2.1675955137675187,0.3196722846820528,0.3911487843967715,0.5084642281322018,0.5451354849354354,0.055832769449844166,-0.10958804767661023,0.20160392932442928,0.08996324472700185,0.11541347390898316,0.161881793517673,-0.10869430635527629,102.176271198792,1
403,0.699598576,-2.631727446,0.661576193,-0.70725367,-2.260999627,0.360969495,-1.069656313,-0.053544101,-0.833646959,0.915354738,-1.527099037,-0.013669035,1.594933946,-1.467208744,-1.417228304,-0.877217761,0.893238358,0.035657718,0.248351812,0.54091187,0.04988157,0.068132256,-0.499373166,-0.028742689,0.460852497,-0.003403139,0.020448698,0.092993878,411.88,0
536,-1.4710658381800628,-2.030671599489759,2.1160922157487936,1.0670191439773407,2.003766330049622,0.324213460710997,-1.7519383865137272,0.6260575619363425,0.8053431023536802,-0.3217050554277093,-0.05587617952887206,0.8071452257059968,0.31428665193597516,-0.7588676283475569,0.7537952538490589,-1.5903879224779702,1.2563548761871328,-1.654132353633244,-0.554867683361133,0.5080070966271681,0.30718290961345845,0.8677668392535155,0.270181733358992,-0.6620558847628704,-0.1477460348268106,0.7364347528067487,-0.10797569830206989,-0.13823264098948562,1.4658730656905234,1
92,1.2411657555967022,0.3319436163832043,0.2728349697075236,0.6397074316115602,-0.2773956288644521,-0.8548719150128354,0.05067987251288405,-0.1400585865847151,-0.028198918322845268,-0.25740450131202547,0.2940645168040607,0.4080504073265423,0.2717663738687508,-0.2537938751995133,0.9957628599897068,0.47723927243675074,-0.02994678819254693,-0.27090473653195346,-0.18549617070111127,-0.07742935970223914,-0.27411467993903166,-0.790383088165034,0.12224116612250074,0.19132954673228336,0.20531004918173357,0.1015039173330624,-0.020221038279788953,0.027366941496829212,2.69,1
508,-0.13985069603413391,0.9861202305835967,-0.4434598566189662,1.98537424465519,-0.4221498892261646,-1.208048441072588,-0.9359756303305015,0.41683734101990233,-1.0756442914161195,-1.259338595051665,1.2230439654798975,-0.9538950854889008,-0.0208183371645968,-1.8691506170923966,0.8103152992589853,-0.1579588012325483,-1.1165590549332103,-0.19675068978169072,0.04332117016694226,0.004787420125642122,0.02793007961066818,-0.5131061694614941,-0.10443650490411582,0.3341511789197223,0.15198401294966052,0.1270597863825193,0.08873120859922591,-0.03725993631221895,0.7849880778400625,1
140,-3.222745011,-1.932775704,2.923241828,0.143573531,0.948116817,-1.076456006,0.81122633,-1.170683067,1.363753299,0.675724118,-0.033947335,-0.308436203,-0.03534893,-1.655009828,0.505014048,0.264900661,-1.001585618,-0.217746153,-0.394364058,-1.786736343,-0.657896819,0.983985425,1.304693094,0.804413958,0.686028186,0.455320508,-0.373341969,-1.325164299,11.0,0
293,1.123311065,-0.170142078,0.89877308,1.572445488,-0.727420685,0.226641226,-0.522651385,0.285406758,1.173965438,-0.194914859,-1.19210081,-0.395355037,-2.213834341,0.005351154,-0.485688847,-0.727260384,0.554140338,-0.645275882,-0.241630845,-0.334909443,-0.109955073,-0.0321972,-0.044257324,0.042350136,0.547189708,-0.250555676,0.060740833,0.017699872,5.0,0
41,0.986063326,-0.202964587,-0.492768147,0.407691275,0.305660256,-0.230529179,0.585028086,-0.208224591,-0.247503448,-0.192253128,-0.628317496,0.430307933,0.81124802,0.371566359,1.026078849,-0.028501345,-0.307546103,-1.099654915,0.010738506,0.263505048,-0.305873933,-1.216555269,-0.077601526,-0.741340788,0.286881125,0.200346696,-0.075203351,0.027271219,169.05,0
335,-0.4623877698103297,0.46925853976502846,1.141681622361921,0.15119059258635564,0.899692363527819,-0.3651410184831239,0.6080831163875391,-0.018920395102826892,-0.13325187850500161,-0.3738375006157655,-1.0244047648393964,-0.6507410495239683,-1.1028812596023547,0.29085855839350566,0.5420121296491186,-0.29812595403945935,-0.1977473551202662,-0.47115719609531614,-0.2779369612990661,-0.08370704580157622,-0.02436634927893422,-0.027037206656367663,-0.06780652132301515,-0.42800018148602237,-0.43660875671452215,-0.20776425307786225,0.05187152100384987,0.039731942728169906,0.9953503673204491,1
561,0.3408667921612972,-0.44010187973668113,0.9147907626475891,0.8170995568248294,0.43567500117952374,-0.5998817400079274,-0.5260416856933634,0.07070991747590386,0.2801877647461247,-0.2980048609482965,-0.05204949033563117,0.46910022291746656,0.337148481436051,-0.4622828378972915,0.9709932625577501,-0.2194169110758893,0.41269531042297725,-0.7632823894347738,-0.31727537909645087,0.12169705139328638,-0.08726328762415356,-0.2533591229487572,0.1755483804166849,0.005393115805623461,0.0971837175020282,0.3101132253758214,-0.05101270511352142,-0.025898120008769416,1.3490921017212807,1
73,1.148186926,0.085837072,0.120702062,1.126664554,0.21471057,0.537381047,-0.04998899,0.186175355,0.111781471,0.046609338,0.507646705,0.869540468,-0.32273584,0.269321773,-0.717472309,-0.313731636,-0.223905205,-0.227785835,0.179131855,-0.148395299,-0.091111611,-0.095474864,-0.166750152,-0.653433373,0.713020334,-0.288035257,0.031507352,0.000371618,19.77,0
506,-0.17999051390394882,1.0039670122183237,-0.46501170612500453,2.0225605546250645,-0.4239983290967715,-1.2120856913032128,-0.9655655252445599,0.434849460605339,-1.106953198315477,-1.287293645857829,1.2596105052287419,-0.9898522977458273,-0.03143181073830903,-1.9138677872109784,0.8025438754676293,-0.17611815731338187,-1.1482199861563915,-0.19342608733530992,0.05022495811225697,0.00704393598647253,0.03697110485320326,-0.5042729314481065,-0.1111026743898158,0.3338933643828138,0.14999834396340406,0.127998068043834,0.09191696410205133,-0.03921883328583771,0.77048355343514,1
85,1.2373767431340614,0.32688790786190436,0.26466236871994464,0.6249879427667302,-0.25146786051175224,-0.7955100276165867,0.0407300522075526,-0.12275665163124927,-0.04565960797163271,-0.25045560359590613,0.3953941586799856,0.45855031075411856,0.288466507085943,-0.24533951312657443,0.9680837306526592,0.47621555537137816,-0.03646750170695083,-0.26417765473067156,-0.18244450411001528,-0.076788012740232,-0.2704001444543913,-0.7787251854470967,0.12063106856962688,0.1505125138073261,0.20237929348775224,0.10337815954151032,-0.019357483981474917,0.02639543593336007,2.69,1
139,0.715005769879941,0.442028136160835,0.37076482378426145,0.42889949845216396,0.17437866748762887,-0.4662221413644724,0.18253969930273797,-0.04638954262676406,-0.037145315656292366,-0.2186371008764703,-0.7953580768219032,-0.29304836356221775,-0.18397303500125556,0.032588099433001616,1.2764444836864453,0.3089824997543622,-0.1875470867744713,-0.21211911623333524,0.24850447289969252,-0.06337901554867946,-0.21500506004762726,-0.6266891509779298,0.1385614299897925,-0.4390246602501196,-0.5175520646181236,0.08588744635277552,0.09322824275560872,0.121962474710259,1.913099627221147,1
330,-0.8043808293674546,-1.4607124939206269,1.6050990152390818,0.8808018333894134,1.561994725535546,0.3407346266942502,-1.3490340791517887,0.5248442227406884,0.5038413784498648,-0.26805901182093705,0.568642266532871,0.9656223414340808,0.37560892156121195,-0.5825900900485188,0.6698031059406314,-1.0711710153288578,0.896752195313553,-1.2658289323935725,-0.4450015190060775,0.3623656537302632,0.1795642923124209,0.508177908239094,0.22419067899100015,-0.6632904514999715,-0.07450505108594699,0.5855711713710323,-0.08129264895036595,-0.10144765647756111,1.9458874543454021,1
68,-0.770196383,0.483572416,1.901071779,-0.00187625,0.024244785,-1.171903182,0.666483361,-0.094602901,-0.136665622,-0.842507533,-0.408235097,0.503046645,-0.010588597,-0.200012765,-0.908689459,-0.323594882,-0.022103673,-0.796683933,-0.479505429,-0.03383089,-0.057335911,-0.155801281,0.018107802,0.941555369,-0.168581841,0.056170997,0.058979361,0.134187921,22.36,0
537,-1.7701574309045136,-0.2543789816390955,1.3413369666664392,-0.4401088779567054,1.1063951502031324,-0.18499899037556305,-0.017672150212014903,0.21869579382623516,0.1361942031233925,-0.0980111913962767,0.926730768843654,1.0875238869301713,0.4162622986561069,-0.24660990268220473,-0.5128651933694057,-0.2968011244953016,-0.22879073472858807,-0.7033485468250058,-0.19889490328278447,0.0774482829546664,-0.1069911423363308,-0.02481923862555946,-0.19442101199570988,-0.31215576282630564,-0.3210935809376272,0.3151304555856299,-0.31855320244223684,-0.35795183408826264,1.0602612893932322,1
429,-2.568064084964238,0.1645923582743256,-0.6658925667622018,3.399949944248273,0.13619473088813439,-1.3000028748702364,-1.5358298736880192,0.8810936724051521,-1.895809754241089,-2.095805795138877,1.936825418811397,-2.061440203140775,-0.15033150537900464,-3.3806597315796436,0.9532732850271743,-0.5084152638238454,-1.6302090678966161,0.5926361997672918,0.37021425858915136,0.8179798521094745,0.5677704388602077,0.12955619046862105,0.17889268889327892,0.10540047919839995,0.12682739572766003,0.06477335636645257,0.08135966332616906,-0.0806418024400906,185.0614716155323,1
498,-1.2776361880016944,-0.5449293760407317,1.9777588832210613,0.49470741851525646,1.4538485620463564,-0.41365857752187624,-0.09523986787581828,0.1513891047009293,0.21670263564502468,-0.49455057482334125,-0.34090578652546066,0.007535986717950638,-0.9064237909998634,-0.1489100082872913,0.03466551906272042,-1.0858278643147503,0.4767225293229876,-1.1512154871026112,-1.0089930938628846,0.12263480302833933,0.18241502328434267,0.5792787041854204,-0.07681591742552865,-0.01957481726945609,0.192159499480957,-0.025303007666171606,-0.11102323974681266,-0.1405281315120326,1.1629627319760374,1
487,0.17485732,2.035550324,-1.866660694,1.420852692,0.829644248,-1.683504947,1.014476153,-0.303887001,0.196619884,0.129235398,2.643747277,-0.317018824,-1.015285122,-3.601835731,0.517658044,0.862952773,2.556381897,1.950360851,-0.282786918,0.508856287,-0.233183524,-0.111162849,0.093547301,0.159321442,-0.414131989,-0.443439253,0.409370788,-0.042075051,8.99,0
564,0.4141322914488439,0.27689789955501093,0.5547180528418931,0.31131833818073074,0.002136690754175441,-0.8490905020520246,0.14348867893799075,-0.1114981121912555,0.016991381039319842,-0.22418416732183943,0.2628645242944535,0.5273245195188556,0.3719259275893537,-0.2706316904823532,0.5857632045661898,0.32257307997079154,-0.1414312565925951,-0.3758166134916531,-0.1811576138240108,-0.05216956041759726,-0.25664364559625724,-0.6436738753232434,0.01799027153228444,0.1796627476773305,0.06453721891759234,0.13547705241286895,-0.11311047855440037,-0.0857574696555432,1.2083526085426006,1
487,-1.0152261663172153,0.16308421848584498,1.80011980334824,0.2604594073477601,1.087905470307189,-0.7795142267124147,0.6361452478098428,-0.07981424682216576,-0.05266772883963233,-0.5547761741765058,-0.4439600951631103,-0.3185644234298808,-1.3470929680580954,0.10395269402278717,-0.20332558497936948,-0.7572580678929657,0.10424082149426694,-0.8741704622225597,-1.1486294636349978,-0.05822529062076187,0.09528624273616992,0.3556408716639301,-0.21280746769888276,0.28443228892173666,0.3415192782646086,-0.3470206430623507,-0.10608714982641901,-0.12944558630056385,1.0406247388696268,1
496,-1.2281647967572396,-0.41144965100441855,1.9442691088432364,0.45054532846125417,1.3848583849623362,-0.4826322693188376,0.04264602145184648,0.10780101539395448,0.16591903140027064,-0.5059047303140742,-0.36033431288018225,-0.0539427665394171,-0.9895018576364825,-0.10123854514419006,-0.010202245305374946,-1.0238835649105233,0.4064996461377022,-1.0989850016577734,-1.0353183288390768,0.08853778037658344,0.16598889000070727,0.5371169199718759,-0.10245400527875254,0.03773875023431361,0.22031786022098926,-0.08595548926255814,-0.11009265320098621,-0.13843877178933053,1.1398987091838522,1
579,-1.296844504,-0.511604913,2.404725619,-0.310761701,-0.319551485,-0.542842315,-0.173310294,0.260423309,-1.202688162,0.050583664,-0.680376156,-1.170104665,-1.522318882,0.242212355,0.931738662,-1.205408319,-0.069890444,1.337347935,-2.360862356,-0.349667885,-0.07126969,-0.161175253,0.088495504,0.285389767,0.281068982,-0.370130251,0.043410327,0.092318482,80.0,0
556,0.5055694027775139,-0.251151679552998,0.4435884558362829,0.9700771688573033,-0.05744018272386264,-1.0670163684330045,0.13471908353527645,-0.18538065300313894,-0.03545353403699744,-0.3826395428836803,-0.1138457006233155,0.15794521552213958,0.40603559972245024,-0.5534940569215214,1.2417292524757548,0.5079628525699681,0.093151473471346,0.04384402821061517,-0.11304610490751704,0.3067529588485689,-0.12098544373627895,-0.6010008547171505,0.3459504806399525,0.23174926369721732,0.23138097848515504,0.05246618596363459,-0.0625106077578319,0.03178693779959159,93.56923518244395,1
557,1.135720955,0.18532769,0.532580535,1.474705867,-0.335261004,-0.372401883,0.059039843,-0.019913106,0.313130756,-0.117885505,-0.295769459,0.479426009,-0.484281366,0.145034377,-0.084832544,-0.803784577,0.399018268,-1.047415582,-0.489409423,-0.213577243,-0.081964334,-0.022336278,-0.020835973,0.413027563,0.60860401,-0.332334506,0.037787391,0.019238445,11.45,0
36,1.095524606,-0.116085346,1.397911915,1.4975469,-1.049123999,0.072838535,-0.72380208,0.287532473,0.996326812,-0.149144653,-0.508291669,-0.027840903,-1.321559752,-0.062404467,0.505750536,-0.209298471,0.207536534,-0.471334707,-0.736297582,-0.275034579,-0.033234172,0.093261885,0.089498395,0.361261298,0.250962948,-0.37827998,0.0810239,0.034226938,2.09,0
265,-0.561092494,0.508697738,1.428463595,1.26164025,0.61708316,-0.226754819,0.407580629,0.078410777,-0.331848785,-0.328413638,-0.666642064,0.265367414,-0.046451715,0.029630097,0.006496164,-1.109552221,0.505925318,-0.708276221,0.437556713,0.061166464,0.063084931,0.309058303,-0.037181219,0.098922548,-0.259485856,-0.319379079,0.184780684,0.167585211,13.08,0
427,1.031076262,-0.455232992,1.561884491,1.562478535,-0.93012702,1.407877534,-1.148563277,0.62670233,1.465479945,-0.245997989,0.096603876,1.195629699,-0.768874996,-0.72877717,-2.027927632,-0.554018199,0.283586474,-0.121894808,0.295542909,-0.211591354,-0.080414359,0.240504444,-0.087826124,-0.275648307,0.470777618,-0.244789345,0.1118754,0.019805549,10.0,0
416,-2.1281274460529067,1.7453271891657534,-1.1641492183050475,3.490455812739018,-0.3241981374868511,-1.3566450172009588,-2.082984338275284,1.1857307201288187,-2.420552626958151,-2.479991348269823,2.7125417121418414,-2.570975653933897,-0.7146886127283724,-3.693761634120626,0.3003333745446881,-1.075228681126267,-2.456227457318123,-0.11861875919355802,0.20255574128252962,0.09429822646024054,0.45726265650551645,0.007037382668184711,-0.43764620617298133,0.328868295079605,0.09061885924531377,0.09382067194724175,0.21251884911272442,-0.14094687375689394,0.1330062399884765,1
556,0.8903145488788946,0.5280928864318051,0.10965591477601011,1.0310090743454627,-0.374710747419726,-1.1044347454126882,-0.17656806550409065,-0.0454333061543008,-0.27211927671518793,-0.541888360133083,0.28458483997605133,-0.031073998178941742,0.2515703328314179,-0.721510270132375,1.0097644028725228,0.3080905855670497,-0.30399953925514556,-0.2820746916125477,-0.13386056051701706,-0.05312475630629352,-0.2041026120534598,-0.7398061218865277,0.06664688523832091,0.3407678401217697,0.20294506075953034,0.10297932940185817,0.006970633390708907,0.013014023254121484,1.157238320340053,1
452,-0.693682517,-0.166271691,2.036280787,-2.227708316,-0.186089943,0.885565597,-0.113835745,0.165882282,-0.889372321,0.278742004,0.256235485,-1.268649527,-0.846928105,-0.47154231,0.335876592,1.845123111,-0.609403705,-0.231780919,0.115881372,0.084118743,0.376480312,1.048357228,-0.544973559,-1.143769268,0.419313067,-0.08465451,-0.21291186,-0.200410345,49.98,0
118,1.2541402535275696,0.34961140915626754,0.30300194304410016,0.6932206124929517,-0.3707968627015279,-1.06986050274938,0.08625917836460373,-0.202600121785158,0.035373448918529116,-0.28262825832454974,-0.07358795271646315,0.22498235507183437,0.21119584406206343,-0.2846022772757639,1.0960952077354609,0.4803664922768281,-0.005929082910634035,-0.29569733199787546,-0.19667019113844342,-0.07958994992772697,-0.2874235527533165,-0.8321999792567387,0.12812343642247287,0.33914261755518604,0.2158403841354262,0.09488558393795984,-0.023378343470976077,0.030843906623363924,2.6897173469446973,1
106,-0.306311186,0.991271929,1.41449133,0.855243644,0.334283709,-0.728260272,1.058822947,-0.46984007,-0.534718402,0.083451465,-0.325902466,0.104766198,0.617334627,-0.020760942,0.989615078,-0.441970511,-0.337034374,0.003217854,0.437685968,0.090118206,0.128007779,0.580328857,-0.202140503,0.41611435,-0.271833875,-0.377566613,-0.11364449,-0.052283025,24.57,0
125,-2.807064506,1.183098325,2.974779375,2.801477073,-0.475110201,3.217829256,-0.401608122,0.384394771,2.408675091,3.351079324,0.106956336,0.367099045,-0.150262631,-2.44967118,0.18205704,-2.372316461,1.614255302,-2.013090598,-0.5721837,0.829196888,-0.20178206,1.461535075,-0.000330283,-0.581133078,-0.101784852,0.529386142,0.36241057,0.237647042,43.71,0
128,-0.549716076,0.907665152,1.59794893,1.298977801,0.5879934,0.032375917,0.75425241,-0.306613655,-0.269296807,0.138561008,-0.332579655,0.68687425,0.982692103,-0.457462732,0.134497105,-1.36775777,0.445977824,-0.868421253,0.765464086,0.021753606,-0.011484859,0.417706233,-0.26521761,0.129560503,-0.228240584,-0.30478042,-0.19097759,-0.087080629,10.0,0
480,-1.5771611328174167,-0.6927218310932273,1.5408763847035176,0.8288368120929255,1.0870973395812582,-0.951267442964346,0.7092064075963276,-0.1293449901887252,-0.1816473476912428,-0.6557191148036499,-0.45866545276222437,-0.4502596488344946,-0.8276383310230724,-0.3888944264352501,0.41812272487131885,-0.24469697338261454,0.17052656107166114,-0.012811132534429115,-0.7414060988902528,0.5630585036084006,0.24901925543462888,0.32865912934420516,0.2433646651884389,0.17699242963934136,0.3569616733748697,-0.3592004464490355,-0.1499578411363057,-0.07620411320450965,163.00348835074374,1
523,-0.421664541,0.348353106,1.750222901,0.546511902,0.461304498,1.439792772,0.452613433,0.319215713,-0.046137333,-0.376572861,0.486982937,0.161995081,-0.794322269,-0.037659123,1.264895566,-2.176004447,1.664388019,-2.423962532,-0.298391124,0.038117433,-0.015405696,0.3783052,0.138206347,-0.598533574,-0.776517367,0.526561881,0.007711491,-0.094512787,42.64,0
428,-1.8302793073156092,1.737710842989495,-1.3510838809530712,3.5514202721915615,-0.49999417974191895,-1.37807121802901,-2.1821099583377856,1.175390914825287,-2.3941722474291347,-2.4366238997790415,2.762989293769269,-2.4681794945055677,-0.4677889600077747,-3.7523475969380953,0.48303336763913984,-0.9227130206226031,-2.4499119907403037,-0.05674001223637067,0.3340639111238264,0.09981722283500225,0.40867938432518414,-0.14110751424790333,-0.3851722985448945,0.32329370390556444,0.06836052273381657,0.16657412027589286,0.22289455403316785,-0.11975596311277824,0.17415164787335694,1
165,0.6645043237598249,0.6153907994784982,-0.014029706993961721,1.2401013979948956,-0.39641571452789626,-1.1292265144961415,-0.34755379430502614,0.06107424177750542,-0.42915107173407613,-0.6946883568466917,0.46856768228236506,-0.29236351621608503,0.0777038571850662,-0.9473142231987519,0.9792618329095728,0.2125405624130547,-0.47365878001611944,-0.24921889538229464,-0.09502215278432458,-0.045550242647531845,-0.15438301947867758,-0.7006629226359489,0.029885026071330756,0.33624422881769817,0.18757071526869662,0.10846371955678168,0.02373413179034313,0.0020647929085340112,2.2447691761187505,1
206,-1.427151559,-0.527766419,2.460153272,-2.807481891,-0.457111342,-1.365708945,0.516031464,-0.132600601,1.654158677,-1.861968658,-0.375046908,0.347861161,-0.476259222,-0.591427377,0.226692072,-0.05358509,-0.642540807,0.107727368,-0.995080434,0.332844186,0.175522356,0.57565524,-0.11169721,0.7529476,0.675003749,-0.162285584,0.058107434,-0.086260874,101.0,0
197,-0.08873641164520629,0.5064213850681785,0.5177089469041646,0.04588202077005665,0.8316913735875913,0.20284219340912285,0.2938801691584459,0.13959848118438653,-0.10993296190231253,-0.1357939510872914,-1.4099236083210962,-0.7274534293073911,-0.5563730288108568,0.3579344349237848,1.2964867473793265,0.08949431413029822,-0.408573218221373,-0.1512397781055001,0.6951514663894717,-0.03972134540275621,-0.1333051757769146,-0.3649311687915604,0.11404597905884944,-1.2631140163802832,-1.2947124113373203,0.09017648930834024,0.18010236676111535,0.17522414891360383,0.9908952872159673,1
139,0.951278276,-0.657729594,1.701883533,1.809667283,-1.360162109,0.953857646,-1.134803282,0.52856971,1.914403557,-0.413425803,-1.488815805,0.105980334,-1.65017861,-0.765610812,-1.182670988,-0.739282377,0.676979259,-0.483801273,-0.188162502,-0.192796373,-0.027596028,0.284121154,-0.092093054,0.091899788,0.418136114,-0.195826728,0.106816908,0.040880532,58.0,0
473,-1.1062934051081588,0.5982430661850346,1.3096976870865338,0.6738778618051953,0.7747352510206719,-0.968666426197457,0.4391596100082587,0.04274446574328819,-0.4804646230866065,-0.8576994729247227,-0.004359582923397609,-0.7452543417970796,-1.3777835215461058,-0.3885083155854867,-0.1958260779597118,-0.7115710970606698,-0.3813101616741371,-0.6836346548359511,-0.9874619509650744,-0.08671510971232352,0.1244033592832672,0.240638070961072,-0.2846485926944606,0.37699128703035323,0.3464932000235856,-0.3725238402268372,-0.057378507344231534,-0.12801985345098038,0.8712516017003561,1
422,-2.24179628729931,1.7188076971025381,-1.2664551010964518,3.4264334254109405,-0.3450440065078303,-1.2872233489028233,-2.1928176015675267,1.2380601916337521,-2.427105499576726,-2.440054478061548,2.939230028527075,-2.407287661293093,-0.46920683055463897,-3.7828334412963387,0.2586631171704379,-1.0086244087674792,-2.5398164691357983,-0.08073471113750799,0.3485009995773718,0.11169407208950383,0.4316841599299752,-0.054323679137397426,-0.44024664684691395,0.2517286235771572,-0.0020819579070047445,0.18551123472035747,0.18670852844468772,-0.17277761165049374,0.1227768896627085,1
448,-1.5440716887212713,-1.8249542924097586,2.0235961089609296,0.9144339010386587,2.1012567720578774,0.5188167557871569,-1.5805183507715708,0.6455368725381334,0.7206951159748598,-0.2876897907528222,-0.4082594292777657,0.506609062750472,0.09607373384310008,-0.5693500103287682,0.8664659905067446,-1.5297746073328315,1.0834333343346672,-1.5180275119843578,-0.31580405867619465,0.47457393221850797,0.30113218259719426,0.8482287044867652,0.26552071729391696,-0.9686637406412211,-0.4767822361153877,0.6881090056031794,-0.0461856119015992,-0.0827503248594316,1.3877504208186404,1
453,-1.4673417654076573,1.0035464962262448,0.4356043088723758,1.669069654300357,0.38644509616130107,-1.1057523212647347,-0.451998739076644,0.44659998088077535,-1.1659630157482226,-1.4309097967645976,0.9556130920639774,-1.3903431328314833,-1.1434897713298382,-1.5563655636453158,-0.02051624329400925,-0.8400635617626364,-1.1144482813013716,-0.4839955211893269,-0.5669886458125574,-0.022757005363967825,0.2420137526123291,0.15809908508524165,-0.33870779924142985,0.3599878142154726,0.2560841830218654,-0.2077486275127945,0.03798531309363376,-0.13258740483211584,0.6104046670079576,1
360,1.295406114,0.296881363,0.068724825,0.572690233,-0.165698375,-0.781113472,0.030953447,-0.133051028,0.165736866,-0.262785407,-0.655279963,-0.280688223,-0.31613816,-0.193371142,1.202916973,0.664982629,-0.164332588,-0.045996371,0.008734581,-0.105915257,-0.330797128,-0.980510938,0.071339621,-0.210547235,0.266630519,0.12996955,-0.02776585,0.023850549,0.89,0
273,-0.79297044,0.273688003,2.612040285,1.213495051,-0.225014754,-0.594575429,-0.250743985,0.162628107,0.038632593,-0.401649703,-0.485772083,0.156502666,-0.009438656,-0.224336144,0.761460832,-0.22681814,0.002773652,0.218880553,0.377095265,0.145012028,0.136199842,0.38114011,-0.020689143,0.706052983,-0.234171822,-0.377185425,0.164555212,0.155041967,6.51,0
150,0.4116389225748939,0.49357604344857725,0.4091287674272841,0.2804406923180959,0.48108357626337683,-0.12682377048228144,0.2363452108409847,0.04151535124789779,-0.07776935536463345,-0.18268747696623383,-1.200908721898179,-0.5840319083560869,-0.4060002076390625,0.2107381963688278,1.3777261322811665,0.21235424111473233,-0.28939436629033594,-0.16537374264518576,0.49858500360171965,-0.05417680070299134,-0.17421932610623891,-0.5109447295668592,0.14444905274754688,-0.8764260081356856,-0.9296934427847479,0.08093378809051609,0.15873438941977813,0.17313381161987923,1.4765698267459457,1
478,-1.0210678296899216,0.5025710680748819,1.5160276952488112,0.43896253606725194,0.8663912603421806,-0.936307258912661,0.6495178097422917,-0.05258575161282901,-0.31865251870701483,-0.7223930013916482,-0.2309614252464494,-0.592980936189708,-1.4330886326467747,-0.11283525647037498,-0.23720801782911513,-0.6812404116310264,-0.2082526852340144,-0.7307595331401152,-1.0867148027157518,-0.10181243972436578,0.09664139011570244,0.2601214237171132,-0.2718879005234811,0.3810049619672909,0.36783427602397833,-0.41141907937587435,-0.07988916620488001,-0.12694168155626043,0.9328246000842899,1
290,1.355157174,-1.318939841,0.166357131,-1.57482235,-1.279267343,-0.182794489,-0.985599131,-0.012854951,-1.980931633,1.558276208,0.483375579,-0.630430436,0.148935961,-0.058329452,0.07765668,0.199514941,-0.05138805,0.595857986,0.421528906,-0.138870123,-0.408999826,-1.090939083,0.026299224,-0.573380669,0.152089889,-0.453983669,0.011316502,0.023963775,101.0,0
515,-1.9225893072139557,-2.3809450247250306,2.391381665840172,1.1015131633647677,2.4003866024097755,0.5813745762860049,-2.019705853727328,0.7639522936372951,0.9181349666545259,-0.3216374410842462,-0.11699716537441543,0.8377202550312393,0.2714720607435279,-0.7983604286799286,0.7204119058445728,-1.912236496163874,1.4312452832152318,-1.8467465415937658,-0.571602510780459,0.5959035676251733,0.401728305361945,1.1360914240901776,0.2923163231728132,-0.8761610939557584,-0.2633010237338552,0.8314825434998292,-0.1112235874768735,-0.1559751922846628,1.480825645664807,1
528,-0.378416765,0.7515151,1.772256448,0.311020274,-0.329129979,-0.746205974,0.719033994,-0.081804856,-0.152417334,-0.66117674,-0.543594594,0.225280037,-0.227830181,-0.139890812,-0.442547868,-0.477507946,0.173167425,-0.632877743,0.255509464,-0.034612255,-0.120891498,-0.240393524,-0.057802858,0.733812447,-0.049448193,0.207356835,0.023386412,0.057469371,25.41,0
222,1.086971163,0.045122322,0.475774395,1.344244178,-0.302640743,0.00440761,-0.096403605,0.182898066,0.193464332,0.073512815,1.144165915,0.66265458,-1.421030701,0.509992075,-0.679440105,-0.52963176,0.153906813,-0.403244853,-0.15006424,-0.239993183,-0.044043853,-0.007869449,-0.044243035,0.213380359,0.562624828,-0.340026072,0.02673675,0.007185347,18.61,0
44,0.8905139345144508,0.34291247963130667,0.24338416766247573,0.3583756818419892,0.2655894867244887,0.0075929697609021796,0.022273830862545696,0.09975850260487557,-0.21975658561328135,-0.1604112600191679,0.7327877483783276,0.5334453041810246,0.18122755058722362,0.005256176433098503,0.8659546796393195,0.36711205127407,-0.192436657761495,-0.16447508473171496,0.10295127014240046,-0.06230283191577682,-0.19963393845594354,-0.5694932485898231,0.11468607743236536,-0.61579671307441,-0.25216238651555534,0.11229204697004394,0.05588253400487489,0.07277650115959278,2.2319335325758125,1
543,-0.403086552,1.078431653,1.165327886,-0.187949505,0.499558708,0.016322819,0.573979654,0.19140172,-0.748148125,-0.407914317,1.541271333,0.98052939,0.811858512,-0.37157449,0.387964651,0.34736769,-0.125555559,-0.07616621,-0.041176598,0.150635329,-0.197658679,-0.462064711,-0.047855532,-0.339166392,-0.194769344,0.102003098,0.262818121,0.082944162,2.98,0
218,-0.3917246,1.106354995,0.787765451,0.510525488,0.832968319,0.151659326,0.588154973,0.312914373,-0.772828747,-0.868831246,1.881226155,0.062618666,-1.070830467,-0.701764788,0.742399218,0.045569359,1.016696072,0.305578304,-0.865471674,-0.155767007,0.122192274,0.365017683,-0.213949885,-0.421854377,0.045355497,-0.323299425,0.080658833,0.037889138,1.0,0
445,-1.6032842199537378,1.1561519340962372,0.10648939684691028,2.043780717670595,0.24024552144539868,-1.157368102163541,-0.7875389787922892,0.5986602477220924,-1.424067869093937,-1.646735782871574,1.317063402007766,-1.6332329041093123,-1.0552731472111607,-1.9960888758602982,0.04549167102182883,-0.8884437317425559,-1.3904905140392516,-0.4088271037815806,-0.4086714244682462,0.0013245932507369024,0.28629658922740187,0.12702138589171277,-0.35906225043658946,0.3535856418628687,0.22204324824482627,-0.14570722439959877,0.07389183767793353,-0.13430718593152818,0.5121901991912621,1
388,-1.2039388652680523,-1.3253455863493,1.693107027937958,0.746326012275339,1.8324611630665888,0.4626028120344594,-1.1858680673829847,0.5391297476089191,0.5432772876019523,-0.2571847109554521,-0.669985307669706,0.20907526457247338,-0.0615377622747913,-0.36356312911523625,0.9977089915349255,-1.1860974949453462,0.7708923734287759,-1.222643291537533,-0.08594567032519651,0.3655481182451584,0.2107373328127249,0.5895576286844554,0.24144240590639882,-1.0517858592874103,-0.6686147003760976,0.5592747218848719,0.012256978834839893,-0.016951060340353763,1.3041137881394627,1
501,-1.1926603896515284,0.28542610474486363,1.5602628079862182,-0.09131119137261468,0.9514480762795923,-0.7021353162952939,0.6799134633619177,-0.059566852172936696,-0.08806612586690611,-0.4088269022282863,0.02443521290120937,0.07561414804875344,-0.865178861026736,0.07286787305507922,-0.41142495220220443,-0.4576682797747056,-0.16525071034659722,-0.7022633028060427,-0.8508067414124053,-0.07870078849504983,-0.013916223431378882,0.1268395097514583,-0.25924356302765733,0.18206127908992398,0.15407498071017134,-0.22725100927725153,-0.1830144773128255,-0.2099192805788908,1.0,1
190,0.075749698,1.026985684,0.83489051,1.208912537,0.107553957,0.465977242,-0.330959329,-1.6198728,-0.436603913,0.060715025,-0.431212703,0.537036416,0.942512348,0.3189698,1.596569045,-0.327721027,0.016979641,-0.407591354,0.243005097,-0.258697272,1.490696075,-0.532413829,-0.17976515,-0.422716907,0.774770005,-0.172429221,0.265078248,0.23001619,20.0,0
572,-0.77294138,0.815403709,1.365536399,-0.519297932,1.034867113,1.658806115,0.436414653,0.505823566,-0.269479849,0.193451297,2.02722064,0.676563439,-0.369161745,0.215080455,1.339037808,-0.862921078,0.341512323,-1.702005139,-1.146235577,0.163925224,-0.164131623,-0.067183042,0.030242908,-1.380112611,-0.477699139,0.180325111,0.275730306,-0.068830302,8.98,0
277,-1.201369172712183,1.417550080984839,-1.0467219928295983,2.8725706889178815,-0.33761827428455216,-1.000414719253147,-1.7579719770075535,0.9774556898763351,-1.972895637285107,-1.9463460341343535,2.698194525189436,-1.6428860313063978,-0.2514739757111221,-2.9750617951658005,0.46765789886242837,-0.6320398397502254,-1.9692724018712169,-0.06961825537102274,0.23855742890784953,0.06477704254486603,0.2816856287592705,-0.22640855505449864,-0.28562070119300226,0.11095219807899054,0.08340180907307626,0.1613722169574318,0.1755095494909136,-0.09318702707111771,0.8527782494079137,1
491,-1.1018443437826286,-0.07062197453588087,1.8587561818159715,0.33778166688639566,1.208698584301204,-0.6587499763804908,0.3947244158638904,-0.0034969903230773203,0.036247968377564055,-0.5348964774360904,-0.4099431916285172,-0.21092286684446937,-1.201633733167048,0.020485964046239896,-0.12476777856337071,-0.8657147371678044,0.227192248670025,-0.9656194662542129,-1.102537291621499,0.0014743031201568946,0.12404633401401402,0.4294608475207155,-0.16791840378371925,0.18408344818089942,0.2922175338349202,-0.24082578412511832,-0.10771648970439054,-0.13310379211806006,1.0810069389457924,1
145,-2.419485626,1.949345704,0.552997661,0.982710096,-0.284815275,2.411199592,-1.398537135,-0.188921645,0.675695454,0.158122714,-1.224834474,1.314398312,0.304424889,-0.290433982,-2.014510693,-0.772540313,0.696610461,0.01785501,2.177312065,-0.277406251,1.213389672,-1.238354348,0.007191426,-1.724175069,0.239721077,-0.313606875,-0.187431248,0.119471939,6.74,0
434,-1.8074349327845338,1.3853261757048747,-0.3877568201836088,2.6065006637540256,0.020691243913257273,-1.2348817714509939,-1.2914343906420542,0.8270157822205019,-1.8116751840534788,-1.9708510789964748,1.8598690963313445,-1.9979910667542984,-0.9227943953930544,-2.65644055140385,0.1446186347437075,-0.9610983429988773,-1.8050351739323856,-0.29594341305086413,-0.17091954850902347,0.03748898015777635,0.3527980562733156,0.08035064962551298,-0.38962941751214736,0.34397122042393063,0.1709224918676968,-0.052536943541617614,0.12781423163232944,-0.13688985621308433,0.36469724945730586,1
513,-1.6216227339953468,-1.4730461809339053,2.2106213826282497,0.8017771094902317,1.9335539458176798,0.06593218006222068,-1.053993798540803,0.45446762968277354,0.569813315935818,-0.4156023861493492,-0.20581454477154237,0.4350126242860982,-0.32876190457850263,-0.4803812189518407,0.3466419341826029,-1.5165415568156653,0.9649992166969165,-1.5143866822477512,-0.8259473693716286,0.35971964652280014,0.29662990000670364,0.8724397849579864,0.10145190696076878,-0.4180899111097883,-0.0036323917141922735,0.3964283632425273,-0.11749383302496079,-0.15505595489179463,1.3233324595585816,1
410,-0.9608187,0.071013017,2.602819337,-0.998693061,-0.383880012,-0.208286115,0.368938159,0.059513641,0.504836276,-0.67802132,1.05047512,1.31612485,0.377964606,-0.861676969,-1.755805298,0.097838076,-0.465169901,-0.224919085,-0.019706209,0.315315447,-0.136826822,-0.081333507,-0.016162267,0.605342437,-0.121759454,0.736684428,0.077108566,-0.069752043,56.09,0
484,-2.81792046588934,-3.014138933060762,1.3867057038729,2.0401759214181876,1.598238544402904,-0.705922670582221,-0.20133844281669772,0.1174101291217891,-0.0049257225953484585,-0.7282709191196006,-0.3372220888165103,-0.19832450409616076,0.596700518866824,-1.508912757307754,1.7171830009785367,0.09183222207638186,0.7950970180273501,0.9379477052773829,0.08699958949668626,1.7818676886152756,0.6099417240119612,0.5998654227046951,1.1427404802295453,-0.41565880896445817,0.17182639470760436,0.07234256973893494,-0.22505095867922803,-0.008976864514981704,414.889077848218,1
404,0.63880634,1.772451089,-1.748258,1.297699728,1.785871617,-1.05019683,1.485730045,-0.780631018,0.4169914,0.002689973,0.908875094,-0.672825142,0.372099813,-4.407431765,1.428052826,0.371421868,2.561437339,1.042814884,-0.635637626,0.589653866,-0.359613479,-0.061540475,-0.051427705,-0.764737576,-0.42418127,-0.418629119,-0.003258457,-0.541236519,0.99,0
445,-2.74773471868356,-1.0906699640338902,-0.002965774283933964,2.980015214559536,0.598566347119332,-1.2111341308002364,-0.8324520328722782,0.5225330009795673,-1.281817163154185,-1.6207342463696104,1.0482901301409484,-1.472598046860488,0.16210792316344624,-2.742568593972642,1.3490448924279714,-0.06433862525089085,-0.7875758962108753,1.020649320104323,0.33738848485676054,1.3033068154562857,0.6032625193976716,0.24515605451040756,0.6312365094229855,-0.045448540031015644,0.18463115448983952,-0.01463140567634047,-0.04490071870523596,-0.036654890359583525,315.02719711830093,1
84,1.2368834185380688,0.3262296610526582,0.26359830648205035,0.6230714840695915,-0.24809209810038418,-0.7877811854958859,0.03943459827840229,-0.12050396174042174,-0.04793296752156104,-0.2495508659651384,0.4085871489732096,0.465125333850959,0.29064084315731437,-0.24423876595428834,0.9644799432721047,0.47608226871353126,-0.03731649030009877,-0.2633017972494549,-0.1820471810072278,-0.07670451018276013,-0.26991651666606165,-0.7772073413636702,0.12042143591926956,0.1451981881153776,0.20199771282974643,0.10362218348954205,-0.01924505031187526,0.026268947146551216,2.69,1
492,-2.6648795963935257,-2.9170262275745142,1.589007469693381,1.8716372915150377,1.7599707999010095,-0.4624765798787628,-0.5587496767284794,0.24303608421012024,0.1755236711371962,-0.6534424884248213,-0.2847523740224226,0.008436099808695308,0.5425705221132118,-1.3847028507933525,1.5249142067615105,-0.29816157129972176,0.9276253556213163,0.403862915502891,-0.04618375094425897,1.5644882803477442,0.5748362264110518,0.7113719271363204,0.9845409766848583,-0.4983149674298589,0.09858793325767332,0.22001400702721846,-0.20624668087229597,-0.039325284172610456,337.48626556708973,1
407,-1.3116744649399203,-1.4835944815962845,1.7977880139349225,0.7995734584394958,1.9176010088181248,0.4804083354139179,-1.3108718365278635,0.5728337438807901,0.5994736168423282,-0.26684706294971605,-0.5870847684864293,0.30331780736477176,-0.011615003050770789,-0.4287452330564415,0.9561383390029115,-1.2949557327968138,0.8698883700613949,-1.3162049648872465,-0.15875231996631783,0.4000815729375952,0.23936951023654732,0.6714905723692097,0.24906910682306888,-1.0254572879739303,-0.6078525976074354,0.6000824236343518,-0.006254458830727866,-0.03779269258554552,1.3306053295459812,1
493,-0.6974412530620822,0.3946639012610201,1.5897934563562066,0.23627329894240034,0.8266594441345911,-0.918570514819864,0.7962098083111097,-0.16225741310446382,-0.12559592790550295,-0.5443049891746992,-0.4330115260505882,-0.35036106699816505,-1.2990428294199767,0.13514705437222835,-0.13850472779989165,-0.5297084293950556,-0.018895515852666418,-0.7326129110999776,-1.089695064747891,-0.1135873245552867,0.02908271103757637,0.16509068047580977,-0.21727451012054513,0.3809249574417739,0.37317903761373844,-0.39600252584482676,-0.09576804347101887,-0.10922941649044346,1.0306008200192605,1
480,-1.9925315311162866,0.8935283992159866,-0.05111904168206105,1.4038953857785006,0.28189850398032357,-0.7941389911251003,-0.9733262944804963,0.6944538541546434,-1.213227060297033,-1.2642791510940754,2.009124486745818,-0.663821922167465,-0.023217944696661497,-1.9905249612535263,-0.20518425998654533,-0.541019251048562,-1.5126101187974703,-0.3069311060033774,0.10622805126464996,0.05784031398759204,0.12891436213660395,-0.12253876990218032,-0.3518932485447581,0.009403047782202245,-0.16701133502148727,0.21266176557957167,-0.07673492721233072,-0.2771893197213017,0.5573053688900479,1
494,0.058500976,1.058661274,1.076857208,1.589043457,-0.400076711,-0.677460759,0.778466139,-0.303556603,-0.630844382,0.230737263,0.015912464,0.549292788,1.123662121,0.146945984,1.428014555,-0.697686072,0.108457149,-0.015594704,1.176153302,0.104400604,0.19287902,0.70219368,0.217738038,0.736016657,-1.276797901,-0.461653958,0.205261258,0.250663836,54.99,0
447,-2.1312828295171498,1.352913736632214,-0.72762645821117,2.5297255406764694,-0.06708419491777573,-1.0686105847449388,-1.6521466974846468,0.9970481169744637,-1.888923103853237,-1.9187653919192729,2.526860541967479,-1.6343086396859248,-0.2714742081682292,-2.9881996126920964,0.053012794526489215,-0.8013080450439766,-2.0843965880021447,-0.18102063248986883,0.24108741389798177,0.08781759186204505,0.29744882807430495,-0.08456736728962362,-0.4010744842728906,0.14429170509643172,-0.07520467302279976,0.19754863259328373,0.0699088345747641,-0.21906935007569647,0.3154284521201667,1
344,-1.7800546839755298,1.695960082180287,-1.3400759834889298,3.458798065556994,-0.43376720475913794,-1.222401457422386,-2.163997422410727,1.1932281617126947,-2.3881824434302215,-2.376600616717223,2.9606621949720306,-2.297713614557288,-0.4305446087351708,-3.6596716135144063,0.42705939367845275,-0.8970437686205803,-2.417685332522088,-0.04211503303840358,0.3314914998904023,0.09714462341573914,0.4043903888198538,-0.1267226804512811,-0.3791757792223193,0.219955957130808,0.06314644395653264,0.16995077152110066,0.22012013368134403,-0.11928010740140381,0.4085354231940834,1
58,0.7937303304730305,0.36756636630826006,0.2680837532394192,0.3295411920534096,0.3316138234174025,0.03648378788779667,0.054737079059274246,0.10446590149682872,-0.2083007759170019,-0.15830334536998986,0.45017421687897463,0.36264816168916525,0.08234851434272872,0.05312025231853473,0.9399520811197675,0.33602080207394924,-0.21737003879759237,-0.15840933239520483,0.1828382726021226,-0.060125174612772496,-0.19123802857823147,-0.5472748449285274,0.11898918528367865,-0.7044247642937032,-0.38684119103392317,0.10792328196108499,0.0767156911178283,0.09142140294546239,2.0848144767376233,1
410,-2.2392795048733847,1.870103578286346,-1.4332469051336378,3.796834760327423,-0.44373683334615277,-1.3988481709816218,-2.357335633358517,1.3100613553276592,-2.631589612693973,-2.656459419137402,3.008078130442525,-2.7695721721011806,-0.6425591265739239,-4.0532972304672965,0.3543041197335218,-1.114786268322325,-2.6819307712141986,-0.057158015520462624,0.3320023159961898,0.1139883172023161,0.49347009793072444,-0.018373003368307883,-0.4542888301719178,0.3236336195671495,0.06278561173425795,0.14454823686556806,0.2418774784383423,-0.1423530364641844,0.05270211174366202,1
227,-1.465380992,1.382171684,1.019789918,0.250367121,1.011414474,-1.281807189,1.186866057,-0.312608099,-0.70150296,-1.067341277,0.205773218,0.315038324,1.297578948,-1.95178242,0.410606163,0.622670687,0.534444833,0.48583697,-1.096382118,0.004783724,-0.038147464,0.083480742,-0.266017332,0.270832696,0.754352711,-0.491529029,-0.689818884,-0.329373595,1.0,0
573,1.2546345619912205,0.3644179216978954,0.3078287005963937,0.6892512383482857,-0.3564756495427047,-1.066682741413171,0.09445181363498695,-0.20993915470029081,0.014464238578781912,-0.2857862940249667,-0.04896873115384306,0.29888511752753755,0.3488016159123003,-0.3120565333846666,1.0790867014131331,0.47375056566432333,-0.014668394994186524,-0.31273668548590344,-0.19699365494245474,-0.07369990492573408,-0.2867457437055055,-0.8200106723307731,0.12726212078546356,0.34252992764383705,0.22054757509476175,0.09454135645264622,-0.022521435567254076,0.030517319091870523,1.2897014508447664,1
562,0.4407668374683845,-0.3524065734065126,0.8485575773830405,0.80332035904364,0.34921903025842993,-0.650831290158967,-0.4584524531231155,0.040091088765738164,0.25123357453963246,-0.2966981619780185,-0.05183850764379186,0.45046227218524404,0.33840895755123096,-0.4459307762879189,0.9829683716469437,-0.14382907526989214,0.3661805408160529,-0.7141657996151634,-0.30417584020455213,0.10039803046104726,-0.10901089143424775,-0.31517187058819807,0.17033081543209883,0.04219259956148519,0.1106878031092811,0.28660819036924245,-0.047872077528879266,-0.019704609528520888,1.3426534387179356,1
538,-1.3341025148825945,-1.910441017455005,2.025286279289764,1.0481278140016281,1.8852348813414381,0.2543614432494755,-1.6592733042958925,0.5840790370745252,0.7656468028987804,-0.3199135664151817,-0.055586921495567564,0.781592527867945,0.3160147692470479,-0.7364488927614006,0.7702131717054919,-1.486756726305547,1.1925829588852248,-1.5867933314130487,-0.5369081681798961,0.47880606192398506,0.27736686616291684,0.7830213387602842,0.2630284329013923,-0.6116036594876888,-0.12923188463621343,0.70420926483196,-0.10366988652881161,-0.12974131572887176,1.4570456354344128,1
200,-0.28336131066279235,0.7605893151995231,0.14349385687135002,0.6957767655082386,0.6217404380594914,0.00048016140321116563,-0.12754901518222783,0.3267958555296183,-0.5189959943979491,-0.5359624189899771,-0.9267369686556316,-1.2062665538916253,-0.6447645803607925,-0.29350428367223774,1.3259454490032934,-0.0816378641837757,-0.7659695742081578,-0.09884321497983586,0.7234272077509065,-0.01836681963135851,-0.032130571360309834,-0.3300453809766113,0.05883660079004442,-1.1120487329464255,-1.1746406077235478,0.09073345822138044,0.2361465815713734,0.17431056878153167,0.8419151637591099,1
531,-1.9377156450706121,-1.884150271991075,2.160047256445632,0.7090128797457883,2.0922222660297978,0.3816933989292016,-1.5393826206318426,0.6329561751837003,0.7344144869577943,-0.26572196383133007,0.21134842832704304,0.9554672173461876,0.33724532679595104,-0.6821614823947719,0.36211479585587414,-1.5288722012225526,1.0305236888511273,-1.5840943057377919,-0.5082565234708063,0.4726549364956958,0.27802927786105747,0.8625412130529365,0.16355731147558045,-0.708452243004884,-0.24708343764063068,0.7121101023759907,-0.1775230172575329,-0.22204093268393024,1.3800470392190487,1
460,-1.3465577914185607,0.8679575714872416,0.7280207368840754,1.3361413466376755,0.5163424537503303,-1.0598920404692673,-0.15387344980307072,0.3114954370040053,-0.9366385563873605,-1.2391498320121601,0.6344668763333869,-1.1745371735070214,-1.2218696598535113,-1.1656743017998803,-0.07916383967896501,-0.7970780999217817,-0.8691865786917388,-0.5507821641353775,-0.7076524524852218,-0.044153346855715786,0.2026687444341419,0.18571141578477138,-0.3206230036422365,0.3656761021126762,0.2863293289875117,-0.2628720048631069,0.006082602892393152,-0.13105939067147737,0.6976675736969318,1
501,-1.377718271,1.354530457,0.543183298,-1.427170859,-0.12438937,-0.524309439,0.179123667,0.616511645,-0.151022979,-0.748487775,-0.915324611,0.040002141,0.027654577,0.428552417,0.646517837,0.442835997,-0.295907071,-0.666708574,-0.820429069,-0.180027505,0.008981955,-0.075796506,-0.057756231,-0.388366066,-0.296798316,0.774677294,-0.418796889,-0.184978168,3.0,0
547,-0.6883839898321287,-1.343609604282984,1.5971784184078992,0.9590639578212038,1.3264140934892616,-0.07495841115483592,-1.22240043371415,0.38616976833770333,0.5784971681143765,-0.3114675268845771,-0.05422320407014621,0.6611234127661507,0.3241620406066696,-0.6307549556717711,0.847616037286014,-0.9981837161695588,0.8919279558637739,-1.2693210836644535,-0.4522373864388395,0.3411367311533338,0.1367980544825117,0.38348562171066647,0.22930394002608354,-0.3737448246852602,-0.04194625614959702,0.5522810400843888,-0.0833699817044034,-0.0897086566855534,1.4154283972736403,1
265,0.073631482,1.051207329,-0.281222562,0.853748808,1.065965738,1.21919719,-1.225596906,-2.262214274,-0.584441019,-1.418769413,0.958529021,0.89014718,0.275971998,-0.613831959,1.837590912,-0.600710684,1.918818038,-1.533815049,-2.479603685,0.420519428,-1.15012824,0.870673096,-0.266732961,-1.048732455,0.232705373,-0.262462875,0.187976231,0.231428066,1.0,0
550,-1.274192759,1.722263452,0.42933738,0.105931559,-0.732006019,-1.107860887,-0.021278582,0.818795925,-0.447668788,-0.638641619,-0.587034043,-0.078227844,-0.37287137,0.255231746,0.902354221,0.640600177,0.370465637,-0.002596254,-0.127632129,-0.019674911,-0.21874913,-0.786584416,0.106722098,0.313636661,-0.083626003,0.083494242,0.109636679,0.018247212,16.83,0
477,-0.8989533419719238,0.39637939758524643,1.7194908129158848,0.18632125507044545,0.9539306271458065,-0.8897531830323132,0.8658527617545487,-0.15326830335922623,-0.14367464873590252,-0.5691708611504755,-0.44944595015366673,-0.4063467152662401,-1.466180050640638,0.18336227334524743,-0.26974032960050764,-0.6328668570729012,-0.020759534418665335,-0.7739427468040697,-1.1805790970363947,-0.11760728493631603,0.062338690563226246,0.26873328319362544,-0.2530289075942561,0.37541698986590216,0.3880394321777398,-0.445885839914988,-0.10313604914115082,-0.1238346601488766,1.0232256769850825,1
168,1.27496709,-0.778783352,1.162452685,-0.180424614,-1.532631199,-0.101808286,-1.185737809,0.076521519,-0.26508034,0.679447708,-1.082667188,-0.302765935,0.655988005,-0.3989512,1.495578213,-0.502574658,-0.605092213,1.912624832,-1.169904691,-0.384006672,-0.154060872,0.003712932,-0.040272241,-0.103367397,0.129751636,0.605919186,0.032166543,0.036729612,42.9,0
15,1.492935977,-1.029345732,0.454794734,-1.43802588,-1.555434101,-0.720961147,-1.08066413,-0.053127118,-1.978681595,1.638076037,1.077542412,-0.632046515,-0.416957167,0.052010515,-0.042978923,-0.166432496,0.304241419,0.554432499,0.054229515,-0.387910173,-0.177649846,-0.175073809,0.040002219,0.295813863,0.332930599,-0.220384851,0.022298436,0.007602256,5.0,0
494,-0.6730126853115554,0.3942900088922472,1.573764747720967,0.24195031891984942,0.8118604304089172,-0.9204310666016271,0.787439510701282,-0.1628576820715417,-0.1238460752493814,-0.5410777764499503,-0.428227438477197,-0.3422595967262725,-1.278455052809149,0.12955761182824221,-0.12326902555473052,-0.5171638735125605,-0.018836887867560118,-0.7273639147253673,-1.078542017353605,-0.11308994221270101,0.025135241895276217,0.1527743387599116,-0.2129647191060332,0.38045270252485724,0.3712791519507145,-0.38987534866443985,-0.09484871674166229,-0.10747803238771207,1.0338418586010876,1
564,1.0479402727976903,0.4580100603482822,0.19428823401562556,0.8849815301278787,-0.3674520778943746,-1.088580799779265,-0.06037101095748865,-0.11616540060910396,-0.1491718051764952,-0.43211120232933764,0.14099108183268472,0.11012698161827794,0.29324856019097567,-0.5459096649078576,1.0402821372819115,0.3794008654847143,-0.17966969749594908,-0.29513012871125605,-0.1609711611727419,-0.06198590628089545,-0.23960596569210124,-0.7744935123705362,0.09282437798023535,0.3417802563501838,0.21074261760039353,0.09929477541150045,-0.005539563316953877,0.020706448629603552,1.2141963804597786,1
536,-1.796997054921556,-0.0909540068464798,1.1826435505715207,-0.5248101684428432,0.940282630273872,-0.32639190716432487,0.2716118299630385,0.1313015738687313,0.010284777659664401,-0.10097291119983642,0.995463005932374,1.0400910331978053,0.4421351992668837,-0.23290972089265893,-0.5578544561382364,-0.0318858965142641,-0.41838945404034,-0.43609166955373513,-0.12162072230148574,0.09694976281043877,-0.1418883641054669,-0.16394603829168253,-0.1885634246294512,-0.2399979698753117,-0.30751782332939115,0.22305789062170206,-0.34099510748231643,-0.36479260699788313,24.63522688200311,1
556,0.8825944411663018,0.5315253652983032,0.10551083867895761,1.0381611326665139,-0.3750662586217852,-1.1052112314133025,-0.1822591021869604,-0.041969027771606715,-0.2781409316815986,-0.5472649665749594,0.2916176976350835,-0.0379896636303485,0.24952903908515423,-0.7301107418893085,1.0082697217321135,0.30459798912851954,-0.31008889920482696,-0.28143526945396063,-0.13253275213643123,-0.052690759680865756,-0.20236374794274026,-0.7381072215792195,0.06536477811399577,0.34071825454564025,0.20256315622510587,0.10315978950044638,0.007583351059422927,0.012637267791920426,1.1544486591839136,1
220,-0.59206007,0.785903889,2.806517307,2.935465904,-0.356682167,1.127563256,-0.225129742,0.514860854,-0.757540591,0.523215622,0.10410451,-0.253154438,-1.288389832,-0.076337142,-0.644122612,-0.058814926,0.172292236,0.6953336,1.665713037,0.134949472,-0.105160641,-0.216886669,-0.190513969,-0.033155554,-0.001445037,0.200179302,0.109606225,0.084341017,18.96,0
472,1.017054969,-0.185048783,1.181666067,1.073490204,-0.550586426,0.971826768,-0.806451931,0.484792244,0.517268097,-0.060123955,1.446990443,1.19801346,-0.070890784,0.006577366,0.432215271,-0.149872874,-0.090841394,-0.195277245,-0.870040664,-0.164292863,0.239286567,0.875847991,-0.053457579,-0.269918491,0.328906924,-0.217332072,0.096207619,0.020796223,17.57,0
538,-1.7531739277120477,-0.08918728363469874,1.2583534561929615,-0.5565825055708451,1.0064728751169063,-0.2424382633518377,0.1365666303873363,0.17670684959982808,0.07555929989968013,-0.08101222507739392,0.999241080107498,1.1009089953871207,0.424271365836279,-0.20246290767305986,-0.6015521342890588,-0.1719198516249687,-0.3564333611413004,-0.6140771942823111,-0.16753837391036325,0.03739060213309631,-0.1460163585462917,-0.1147610486344115,-0.2307052731390133,-0.27198761846064634,-0.32859516187303517,0.2748930662570188,-0.3328478558690403,-0.37172760294196544,1.027848182521085,1
1,-0.966271712,-0.185226008,1.79299334,-0.863291275,-0.01030888,1.247203168,0.23760894,0.377435875,-1.387024063,-0.054951922,-0.226487264,0.178228226,0.50775687,-0.287923745,-0.631418118,-1.059647245,-0.684092786,1.965775003,-1.23262197,-0.208037781,-0.108300452,0.005273597,-0.190320519,-1.175575332,0.647376035,-0.221928844,0.062722849,0.061457629,123.5,0
143,0.5978310608147007,0.46193839033995965,0.3855828039785385,0.3715576446159062,0.29284269470066915,-0.3351303436989612,0.2033219476486191,-0.01243649054913526,-0.052836252474754805,-0.20475164582392447,-0.9520010299665151,-0.4054400520637276,-0.2697304919861741,0.1013981423359741,1.3155642748342269,0.271660069191624,-0.22688535149381164,-0.19406382904887348,0.34509747140366387,-0.05982468238116923,-0.19925166922378107,-0.5819831489040468,0.14083551000168007,-0.6079698701124845,-0.6767406724354483,0.0839741078622805,0.11852983304322784,0.141727279494069,1.7444910504324131,1
74,1.038370334,0.127486127,0.184455888,1.109949791,0.4416989,0.945282527,-0.036714604,0.350995,0.11894954,-0.24328924,0.578062601,0.67472982,-0.534230568,0.446601378,1.122884672,-1.768000514,1.241156963,-2.449499863,-1.747255172,-0.335519851,0.102519797,0.60508853,0.023092156,-0.626462661,0.479120272,-0.166936836,0.081246718,0.001191576,1.18,0
87,-5.101877144,1.897021804,-3.458033555,-1.277542766,-5.517757922,2.098366221,3.329603449,1.250966334,0.27150055,-0.305482722,-1.473383079,0.272913238,0.649418935,0.899810726,0.874542743,1.471752735,-0.144793357,-0.725518955,-0.698935585,-1.270478014,-0.871743638,-0.678879497,-0.555899893,-0.761660256,0.066611133,0.767227443,0.731633869,-0.860309778,919.6,0
135,-0.54188941,0.907744834,0.941841931,0.993747888,0.844723948,0.360279963,0.761736832,-0.222477053,0.179747696,0.408008155,-2.061908155,-0.71990403,-0.367007292,-0.28650681,0.180705099,-0.593469378,-0.25066099,0.230033158,1.633690689,0.146139609,-0.203112395,-0.122943687,-0.438461573,-0.996350433,0.09379569,-0.216345753,0.015375399,-0.03849078,23.57,0
430,-1.860257692,-0.62985892,0.966570448,0.844632076,0.759982662,-1.481172903,-0.509681452,0.540722085,-0.733623388,-0.371621504,0.859741162,0.37260884,-1.240184766,0.998391329,-0.346387125,-0.391678583,0.348289432,0.282124766,1.165893165,0.320449625,0.268027796,0.125515236,-0.225028535,0.586664443,-0.031598082,0.570168024,-0.043007486,-0.22373948,0.0,0
535,-1.6848984095397261,0.07562103712133422,1.223756641347413,-0.6010589549201517,0.923654428048045,-0.33214003485131155,0.30948258448041416,0.12094470516514168,0.0124965117321995,-0.10007956921056246,0.9595544438635957,1.0104545123050739,0.3036761434859506,-0.14118824471388114,-0.6515595034534177,-0.10327658801463144,-0.43651502394639036,-0.5535925945955228,-0.2104372134299402,-0.005057161903483323,-0.1632580785487806,-0.16067883897355464,-0.26162021347000775,-0.19622081614854808,-0.28694250753017114,0.194343123310448,-0.32918755060490945,-0.36648775884702917,1.0,1
557,0.8523112197668973,0.3709441061017167,0.5729294675461449,0.5964244071939866,-0.1121924914766754,-1.0366042347685767,0.23982064349880722,-0.20033857797633198,-0.014584979224233161,-0.3395700676843934,-0.1295082006485707,0.16359757829102842,0.007049203421081951,-0.21944812667726799,0.8280508014007668,0.26612031905946276,-0.015176146554254885,-0.39961569265899327,-0.38214385030959697,-0.08203330455560708,-0.22134539949149076,-0.6162601226226796,0.056139361307585955,0.3509650255795623,0.2526499695802599,-0.0072933684460608356,-0.037445800157044185,0.0018786874229675399,1.2362128562227506,1
452,-1.3183413354668294,1.5100953310371894,-1.0762144193751637,3.077150952677948,-0.4764194200977172,-1.326580658166098,-1.8047243200010206,0.9456667043375181,-1.994862555719933,-2.0800888487468567,2.296624442357514,-2.0095859259983806,-0.3324261102504825,-3.1820306749338543,0.5821490872726358,-0.6911109751860027,-2.046112626981168,-0.09914155573922706,0.24601390526029068,0.07103791554006741,0.2933713343208613,-0.253765473187767,-0.30015284734614356,0.3265818366909727,0.09368548451824954,0.15460739904476434,0.18226384623543823,-0.09477244806575999,0.35914044953085245,1
322,1.202007182,0.108213477,0.591724235,0.566078555,-0.641573116,-0.816974062,-0.127402593,0.004375489,-0.026147821,0.142130857,1.437540384,0.414104282,-1.142816179,0.7143189,0.463185991,0.502347844,-0.523033517,0.050445838,0.102606242,-0.174502715,-0.207683231,-0.703843603,0.165350247,0.493735717,0.114822059,0.068947381,-0.041349711,0.008040785,1.79,0
35,-1.063235679,1.418190626,1.086672863,1.2414396,0.002306126,0.045901581,0.514120897,0.241252403,-0.154499951,0.280672622,-0.531948028,0.589857529,0.555086956,-0.116357329,0.165886171,-1.237210027,0.638414233,-0.776070595,0.69280589,0.235008926,-0.05722847,0.314152998,-0.129862928,0.114283708,-0.027812477,-0.259937016,0.11875364,-0.008956298,20.22,0
353,0.150998914,-3.002119874,0.824301406,0.231721086,-2.621415263,0.128843083,-0.755233269,0.09595558,0.638218706,0.096462297,-1.221419517,-0.993401341,-1.331911432,-0.75366868,-0.565549542,0.934498499,0.805874339,-0.950142236,0.640846634,1.180050225,0.52171897,0.320296979,-0.591253399,0.447557233,0.16408041,-0.131896902,-0.047546926,0.130266352,611.76,0
249,-0.3410224055867217,0.43704667485897997,0.6200622253941572,-0.061545961197059906,0.8452903779380914,0.12720586973597492,0.2900883245356426,0.13975643749095762,-0.08953458722226784,-0.12518370259930178,-1.0320001373032857,-0.4461110791265368,-0.4053656817552722,0.2780413284099459,0.9945967503468978,0.06592697417642655,-0.41736981876349777,-0.21028612678054326,0.5673529390711308,-0.03319251898040496,-0.1403759987326811,-0.3384928990409718,0.05656139135554983,-1.1062787875784543,-1.147964254455156,0.11313605522650952,0.09978662570555108,0.08977723849898672,0.9922875333148026,1
441,-0.565328982,-0.061420412,2.197933824,-1.958795107,-0.048529205,0.748807725,0.29658804,-0.149943151,1.209928539,-0.911107814,0.960782373,0.838668991,0.397781607,-0.641078967,1.21325376,-0.83638966,-0.286264199,0.664773412,1.820390605,0.247161662,0.104993,0.88552455,-0.548767037,-0.711467268,0.267146639,0.242159826,-0.306742171,-0.41048417,50.0,0
455,-2.187077549234273,0.16607546079297908,0.027298219783614908,2.8503141091454456,0.6761386109020449,-0.6150753648979859,-2.3658401093140995,1.149393599218738,-1.2727227983907063,-1.791010195543315,1.8933468627513927,-1.3716447181762634,-0.23268486304483,-2.906404850231458,0.510431962124485,-1.4821833164052038,-1.0901266014518827,-0.7788349551056444,-0.0011678622422026663,0.3252750587668659,0.4791726348954217,0.45904406546100573,-0.1588037665840462,-0.15255637137946632,-0.06142814961614046,0.45217531825823104,0.10623744329559193,-0.15443286948026308,0.6023359481921595,1
69,-1.766644699,2.352984306,-0.00995516,-0.363735716,1.460952506,-0.204832891,0.905818665,-3.384123255,0.388546432,0.791069474,-0.270259509,0.047399242,1.642766731,-2.678080725,0.728038853,0.289107812,0.384462973,0.454547699,0.113990423,0.072645181,1.964253339,-0.883217569,-0.247698186,-0.758605574,0.086450074,0.202790049,-0.898857651,-0.944336584,0.76,0
556,-0.034678151046896755,-0.7697666835328401,1.1637750120762334,0.8688984126940584,0.7606808867100683,-0.4083518377026897,-0.780123597558907,0.18581243073016782,0.3890325573917289,-0.30291701278040817,-0.05284261793413373,0.5391641365797065,0.33241009088141765,-0.5237536213143744,0.9259763494123252,-0.5035672277022185,0.5875539549478898,-0.9479218145489998,-0.36651925655505935,0.20176447860816088,-0.005509544543551459,-0.020992213299824147,0.19516228689488785,-0.1329437587643975,0.046419065225192846,0.398473515999494,-0.06281897411256913,-0.04918080756325921,1.3732963683409314,1
289,-0.6377556030987716,-0.49369963070871237,1.1429766873692553,0.466494527944931,1.385025443072344,0.36902938465931456,-0.5289353356446945,0.3620050217479267,0.2479485280446494,-0.2064061197655174,-1.1056527922647352,-0.28619789003739016,-0.32389700805831995,-0.021011397311720137,1.216175382707084,-0.6140144285451767,0.2506383767381063,-0.7309483124173679,0.29667536234159314,0.18406433673477982,0.060266553736879086,0.15897515199286938,0.20136177872521244,-1.190150489362562,-0.987937985034154,0.3448178685464981,0.10954019995075863,0.09257804024900693,1.1648927007819128,1
553,-2.618386141,-2.302448927,-0.386399715,0.854628489,-0.861209325,2.036706843,3.88551142,-0.016542145,-1.569958903,-0.966024954,-0.30321588,-0.223414556,-0.03848278,0.274760866,-1.441054338,0.93752967,-1.030241143,0.190084752,-1.023405833,2.135168973,0.615238685,-0.145438161,2.0025512,-1.419614846,0.626972563,0.87821729,-0.377408877,0.143627542,986.31,0
190,-0.549414252,0.676860674,2.151949976,1.014522992,-0.620011802,0.076154492,0.041578422,0.34267167,0.124722817,-0.048091693,0.737980149,0.197300157,-1.350329129,0.096465653,-0.391871595,-0.286166764,-0.041452759,0.836919533,0.777120739,0.104754661,0.212024288,0.850202604,-0.185597136,0.544990271,-0.130608922,-0.196373727,0.422119417,0.203312923,20.7,0
312,-0.28561300971645953,-0.9963605621899838,1.3268273178442287,0.9046103983411451,0.9693615177561549,-0.2825891392694134,-0.952844365764154,0.2662020430168828,0.47223711008822383,-0.3043914494909621,-0.06573781798454204,0.5471294936445504,0.2568059128356529,-0.5499728576318155,0.9041306754650126,-0.688812688307361,0.7078742044928226,-1.061512302241609,-0.3989751160805679,0.25180064577550226,0.04840791318016047,0.12702414852038857,0.2084121183249918,-0.22678399892081708,0.009971638599086258,0.4573316949936063,-0.0712751997390274,-0.06467388552541913,2.126879959483213,1
156,1.325295228,-1.138678066,1.276265636,-0.207920238,-1.642087864,0.696572809,-1.502954908,0.297739613,0.872380952,0.251926472,-2.332011372,0.047516889,-0.033914346,-1.266317156,-1.605192131,-1.74371228,0.482654984,0.997653708,0.221744189,-0.498396658,-0.606347646,-0.803193011,-0.026617842,-0.397272515,0.245699397,1.127405544,0.023011432,0.012264475,10.0,0
491,-1.102817223775645,-0.07324692100887331,1.8594147752099155,0.3386501367794501,1.2100553111146473,-0.6573935737585763,0.39201281993598736,-0.0026398084457570636,0.03724665370458158,-0.5346731922113036,-0.40956111980662524,-0.2097138559892029,-1.1999999608623664,0.01954848055198022,-0.12388543122712137,-0.8669329032241015,0.2285732172739865,-0.9666466052336632,-1.1020195925276282,0.0021448383593096754,0.1243693622538164,0.4302899803851735,-0.16741421778643545,0.1829563478154116,0.29166378539342697,-0.23963302232102135,-0.10773479016066295,-0.13314488043640524,1.0814605046484853,1
272,0.3870638350511524,0.5017047083629801,0.4135047839992756,0.2673951410291661,0.5103019532855141,-0.0977640310860971,0.24281912126438737,0.046874998151430064,-0.08664056234214557,-0.1805862044433859,-1.2285377698145818,-0.5889270726815707,-0.38811000361902126,0.21826093438257244,1.3821289964939365,0.20252958951182298,-0.29999016266560646,-0.16602486774179825,0.5193279616333278,-0.051826060776478625,-0.1706206030353586,-0.4981013130055265,0.1448292118753183,-0.9119501521553164,-0.9627187699295929,0.08043764113424942,0.16450987734122757,0.1774182170860479,1.069436203642964,1
493,-0.7027447267709028,0.3947450737787037,1.593273309768059,0.23504081055002615,0.8298723291883575,-0.918166586617472,0.7981138512851906,-0.16212709393398975,-0.12597582318429387,-0.5450056212384888,-0.43405015766113886,-0.35211990669063326,-1.3035124623961567,0.13636052959033046,-0.14181241849702192,-0.5324318687301436,-0.018908244064192687,-0.7337524750136188,-1.09211640578732,-0.1136953069062814,0.02993971170279621,0.16776457421965035,-0.2182101713336542,0.3810274845961002,0.3735915052527139,-0.3973327439491922,-0.09596763049506181,-0.10960964424827761,1.029897186343986,1
298,1.331411728,-0.715870868,-0.005992864,-0.528407613,-0.880105464,-0.676409912,-0.461655958,-0.043281841,-0.439032422,0.589483701,-0.635633933,-1.54550629,-2.159738505,0.261961108,0.257745517,0.33509239,1.024395804,-1.84506456,0.461944146,-0.072710183,0.168776114,0.416170152,-0.131544599,0.068375393,0.633619313,-0.030737332,-0.011574789,0.000254394,36.0,0
455,1.179162173,0.2053271,0.704970594,0.697812464,-0.566141305,-0.830944299,-0.013823924,-0.093148378,0.026188575,-0.106550027,0.457637827,0.555107409,0.060747017,0.32774635,1.260356312,-0.138325278,0.057051161,-1.147650132,-0.677127622,-0.15095067,-0.196311623,-0.543614542,0.233358607,0.597346018,0.068705699,0.091725263,-0.012834438,0.020737611,1.98,0
537,-1.775028681399165,-0.3017596740378907,1.365138502890199,-0.40670162329908655,1.1350551048911837,-0.1685241156852692,-0.06191129968397335,0.2307391669168647,0.15358565640451904,-0.10288687706318611,0.9059331815845071,1.0836847369354399,0.4139651181497662,-0.2592722532490217,-0.487427785083958,-0.3326198808112622,-0.19217996014308758,-0.7289535775011675,-0.2078886607829279,0.08893772628713588,-0.0957978330636613,0.0009780943233812789,-0.18401387025119767,-0.3236768895863747,-0.31894195889427385,0.32667144335765913,-0.3144531745041214,-0.3540006339099291,1.069558097071531,1
94,0.7761081525417448,0.2920461442313123,0.4752898284128898,0.3960897106785072,0.23776852502425846,-0.2429074229189901,0.10903788101761686,0.03770278066649926,-0.23320401020559645,-0.24694950392780335,1.2026722182217813,0.7726173485077807,0.10029670513458327,-0.07872294813221276,0.4555432687221358,0.245826126718677,-0.09610418051475789,-0.300795939181524,-0.3515479308312727,-0.07873196029997878,-0.16848499019365282,-0.4582381976058506,0.03083357410463236,-0.1976193121103694,0.21108929119039965,0.012198384291998182,-0.027705021353752995,-0.012827677616205116,2.358568861518065,1
459,-0.528217505,0.981231846,1.652988054,-0.150715087,0.137047987,-0.203980368,0.583369654,0.16524639,-0.781696163,-0.211147388,1.824771824,1.171574362,0.607026344,0.237985709,0.306871733,0.009962341,-0.332372933,-0.458194109,-0.137627145,0.127768329,-0.123569168,-0.272730916,0.023886635,0.223935517,-0.297776979,0.068300176,0.281018331,0.11155701,6.99,0
180,-0.782666195,1.017986502,1.50585133,0.920904617,0.75876509,0.392474821,1.357625329,-0.666453043,1.071130264,1.702692099,-0.812493033,-0.91415491,-1.234177953,-0.856785661,0.551040622,-1.402290167,0.060432413,-0.547990244,0.858789262,0.663806548,-0.410456552,0.145970127,-0.248113198,-0.452120665,0.014227544,-0.281960873,0.118371377,-0.508471449,23.63,0
36,-1.004929339,-0.985977681,-0.038038829,3.710061359,-6.631950832,5.122102581,4.371691256,-2.006867506,-0.278736461,-0.230872923,0.145155263,-0.06315605,-0.799585071,-0.341956368,-0.930529782,0.510510185,0.092428106,0.823984132,1.1903978,-0.001979978,1.393406004,-0.381671395,0.969719176,0.019444796,0.570922813,0.333277782,0.857373192,-0.075538246,1402.95,0
290,-5.166298933,-5.449369057,2.988497619,2.65899079,1.948152125,-0.854470187,-0.326394126,-1.017364163,1.98390085,1.055234964,-0.503509369,0.234324647,0.847507646,-2.385490901,0.326192571,-0.935838209,0.191502866,-0.227426328,2.862706058,-2.538941486,-1.297220903,1.172277612,3.150413499,0.574081302,1.018394472,0.987099032,0.658283366,-1.609715664,85.0,0
483,1.039673932,-0.329295605,1.073431252,1.547480277,-0.595509891,1.0909697,-0.703762628,0.511730095,1.176991531,-0.22026736,0.113149673,0.986915066,-1.375333303,-0.347843185,-2.260051576,-0.802281887,0.466460194,-0.616351615,0.591883086,-0.236055894,-0.391770227,-0.761527649,0.035646187,-0.329861818,0.399210416,-0.50425953,0.078070407,0.014682973,20.74,0
547,-0.6764248054814679,-1.3331114675517513,1.5892495443991301,0.9574144293754168,1.3160643194598063,-0.0810576582669521,-1.2143092252473011,0.38250434240100256,0.5750310185511893,-0.311311099989791,-0.05419794701546972,0.6588922357127267,0.324312934094102,-0.6287974258358363,0.8490495955669608,-0.989134982905298,0.8863596029861777,-1.2634412629844638,-0.45066922097870066,0.3385869933926127,0.13419461619226292,0.37608592492405724,0.2286793374914159,-0.36933950325730014,-0.040329661795031835,0.5494672170681096,-0.08299401246288754,-0.0889672222509307,1.4146576152625605,1
73,1.162280884,1.24817825,-1.581317148,1.475024194,1.138357059,-1.020373404,0.638387286,-0.136762248,-0.805504896,-1.4440364,2.846914186,0.627549,0.387778137,-3.279054301,0.553435024,0.910634312,2.698337459,1.302963477,-0.910148786,-0.016800217,-0.124011771,-0.227149831,-0.199184934,-0.289757395,0.776243576,-0.283950225,0.056746815,0.084706456,1.0,0
356,-1.8869328092299158,1.747379961200378,-1.394255885952902,3.5670691070268266,-0.4515250667313579,-1.2634004559199785,-2.2389867517884934,1.233079439863808,-2.4648822646971698,-2.456064854672956,3.0091376655691944,-2.4186545109518174,-0.46361737999558145,-3.7861130268411465,0.41956120677427233,-0.9459876639686373,-2.500503257690393,-0.03703542972338783,0.3486556055843379,0.10312263097799233,0.4270528789976946,-0.10831157600065111,-0.3964545794569616,0.24008799290219857,0.059405456135232085,0.17153515511341794,0.22835931629776587,-0.12409926988868432,0.3264876796454512,1
479,-1.653722236314538,-0.8214002329616705,1.5172554291313156,0.905054749281013,1.1013356793100022,-0.9571962644512193,0.6891765993003236,-0.12613133483877767,-0.18631007434173194,-0.6652668027418155,-0.4563634706095232,-0.4530206284481895,-0.7491057210030845,-0.45693235006122346,0.5007472258847259,-0.1971078874472023,0.1929350341229069,0.07793844179250708,-0.6879028533816388,0.6434258288852623,0.27056550686505604,0.3342362054701783,0.3024988721660278,0.15241173306988132,0.3529328843955914,-0.3480357177082103,-0.15532592728534467,-0.07035813705630069,182.11252320594764,1
294,-0.745115694,0.446439708,1.714153951,-0.146626011,-0.244287322,-0.963058465,0.566536538,-0.044997849,0.274475087,-0.686536087,-0.788683459,-0.213757344,-1.215176223,-0.056878667,-0.700208095,-0.096156943,-0.079909633,-0.625466425,-0.376119651,-0.220636156,-0.149226878,-0.440704452,0.088859666,0.708176884,-0.570540257,0.036992107,-0.041732493,0.18217805,33.33,0
489,-1.0523279346387495,0.06297921417237806,1.8252359324655059,0.2935793902825835,1.1396456276434725,-0.7277864327499073,0.5327357783780093,-0.04712474385155775,-0.014581847852152774,-0.5462609649635232,-0.42938939752334054,-0.27245756444181285,-1.2847873990531342,0.06820080719299956,-0.16967637162968735,-0.8037140697866455,0.1569054641750537,-0.913341452193715,-1.1288864819939448,-0.032653747087076745,0.10760525330323968,0.38726069699254917,-0.19357982174412974,0.24144916979541098,0.32040151807612877,-0.30153345817208377,-0.10678505634487093,-0.13101253112305714,1.0579219283901289,1
246,1.311258486,0.07502777,-1.292832404,-0.483154333,2.139256911,3.181563924,-0.505045118,0.804860255,-0.074070833,-0.217425556,0.131576213,-0.028146149,0.01145979,-0.112921114,1.300007138,0.812807415,-0.495483473,0.166473112,0.175176224,0.032734124,-0.342676245,-1.148503557,0.095278816,0.946121234,0.369712917,0.110625671,-0.021836606,0.023638378,1.98,0
24,1.23742903,0.061042584,0.38052588,0.761564111,-0.35977071,-0.49408415,0.006494218,-0.13386238,0.438809737,-0.207358046,-0.929182115,0.527106061,0.348675901,-0.152535139,-0.21838563,-0.191551818,-0.116580603,-0.633790817,0.348415801,-0.066351335,-0.245682498,-0.530900256,-0.044265397,0.079168029,0.50913569,0.288857834,-0.022704982,0.011836231,17.28,0
478,-0.987476764,1.118177409,0.666257804,-0.583883173,-0.649628272,0.815711083,-1.045734475,-3.792776127,0.336438173,-0.272903405,1.132298369,0.881784324,-1.267498752,0.596373236,-0.568107435,0.128521127,0.066178209,-0.522881288,-0.580882295,-1.100253117,3.614029139,-1.840569212,0.144464465,-0.025963657,0.660622607,0.432566538,0.298827223,0.189823343,79.0,0
536,-0.696401907,1.186597316,0.761499236,0.783975084,0.825519374,1.125638412,0.422931348,0.336891907,-0.142015412,0.50203108,-0.175564415,0.198320971,-0.390952409,0.100615573,-0.319214766,-0.64369275,-0.108278419,0.279169551,1.505738272,0.246713504,-0.098476429,0.084490607,-0.302055812,-1.344990967,0.091047106,-0.161472049,0.400489357,0.230986131,0.89,0
505,-1.8835130047233368,0.5325839388120513,0.4804207888918478,0.519317397173826,0.5560983133441866,-0.578483433173413,-0.43996912324035903,0.45670198438639326,-0.6823247350068985,-0.7500416171642299,1.6023331813578376,0.09870090138209076,0.1718399201551586,-1.2066402583860851,-0.4080527212292542,-0.3365072855028648,-1.0633507676955465,-0.40586044531827214,0.0002674645600663217,0.03428681433166014,-0.003505149137941199,-0.1523733473483296,-0.31325097343051,-0.09658055609756769,-0.23914490868533003,0.22453633184550825,-0.19195465487614286,-0.3228548631633615,0.7473509060391149,1
